,Generator,Time,Value,Zones
0,ENCOGEN_CTG2,1,0.0,PNW
1,ENCOGEN_CTG2,2,0.0,PNW
2,ENCOGEN_CTG2,3,0.0,PNW
3,ENCOGEN_CTG2,4,0.0,PNW
4,ENCOGEN_CTG2,5,0.0,PNW
5,ENCOGEN_CTG2,6,0.0,PNW
6,ENCOGEN_CTG2,7,0.0,PNW
7,ENCOGEN_CTG2,8,0.0,PNW
8,ENCOGEN_CTG2,9,0.0,PNW
9,ENCOGEN_CTG2,10,0.0,PNW
10,ENCOGEN_CTG2,11,0.0,PNW
11,ENCOGEN_CTG2,12,0.0,PNW
12,ENCOGEN_CTG2,13,0.0,PNW
13,ENCOGEN_CTG2,14,0.0,PNW
14,ENCOGEN_CTG2,15,0.0,PNW
15,ENCOGEN_CTG2,16,0.0,PNW
16,ENCOGEN_CTG2,17,0.0,PNW
17,ENCOGEN_CTG2,18,0.0,PNW
18,ENCOGEN_CTG2,19,0.0,PNW
19,ENCOGEN_CTG2,20,0.0,PNW
20,ENCOGEN_CTG2,21,0.0,PNW
21,ENCOGEN_CTG2,22,0.0,PNW
22,ENCOGEN_CTG2,23,0.0,PNW
23,ENCOGEN_CTG2,24,0.0,PNW
24,RIVER_ROAD,1,1.0,PNW
25,RIVER_ROAD,2,1.0,PNW
26,RIVER_ROAD,3,1.0,PNW
27,RIVER_ROAD,4,1.0,PNW
28,RIVER_ROAD,5,1.0,PNW
29,RIVER_ROAD,6,1.0,PNW
30,RIVER_ROAD,7,1.0,PNW
31,RIVER_ROAD,8,1.0,PNW
32,RIVER_ROAD,9,1.0,PNW
33,RIVER_ROAD,10,1.0,PNW
34,RIVER_ROAD,11,1.0,PNW
35,RIVER_ROAD,12,1.0,PNW
36,RIVER_ROAD,13,1.0,PNW
37,RIVER_ROAD,14,1.0,PNW
38,RIVER_ROAD,15,1.0,PNW
39,RIVER_ROAD,16,1.0,PNW
40,RIVER_ROAD,17,1.0,PNW
41,RIVER_ROAD,18,1.0,PNW
42,RIVER_ROAD,19,1.0,PNW
43,RIVER_ROAD,20,1.0,PNW
44,RIVER_ROAD,21,1.0,PNW
45,RIVER_ROAD,22,1.0,PNW
46,RIVER_ROAD,23,1.0,PNW
47,RIVER_ROAD,24,1.0,PNW
48,PORT_WESTWARD_1_GEN_1,1,1.0,PNW
49,PORT_WESTWARD_1_GEN_1,2,1.0,PNW
50,PORT_WESTWARD_1_GEN_1,3,1.0,PNW
51,PORT_WESTWARD_1_GEN_1,4,1.0,PNW
52,PORT_WESTWARD_1_GEN_1,5,1.0,PNW
53,PORT_WESTWARD_1_GEN_1,6,1.0,PNW
54,PORT_WESTWARD_1_GEN_1,7,1.0,PNW
55,PORT_WESTWARD_1_GEN_1,8,1.0,PNW
56,PORT_WESTWARD_1_GEN_1,9,1.0,PNW
57,PORT_WESTWARD_1_GEN_1,10,1.0,PNW
58,PORT_WESTWARD_1_GEN_1,11,1.0,PNW
59,PORT_WESTWARD_1_GEN_1,12,1.0,PNW
60,PORT_WESTWARD_1_GEN_1,13,1.0,PNW
61,PORT_WESTWARD_1_GEN_1,14,1.0,PNW
62,PORT_WESTWARD_1_GEN_1,15,1.0,PNW
63,PORT_WESTWARD_1_GEN_1,16,1.0,PNW
64,PORT_WESTWARD_1_GEN_1,17,1.0,PNW
65,PORT_WESTWARD_1_GEN_1,18,1.0,PNW
66,PORT_WESTWARD_1_GEN_1,19,1.0,PNW
67,PORT_WESTWARD_1_GEN_1,20,1.0,PNW
68,PORT_WESTWARD_1_GEN_1,21,1.0,PNW
69,PORT_WESTWARD_1_GEN_1,22,1.0,PNW
70,PORT_WESTWARD_1_GEN_1,23,1.0,PNW
71,PORT_WESTWARD_1_GEN_1,24,1.0,PNW
72,HERMISTON_2,1,1.0,PNW
73,HERMISTON_2,2,1.0,PNW
74,HERMISTON_2,3,1.0,PNW
75,HERMISTON_2,4,1.0,PNW
76,HERMISTON_2,5,1.0,PNW
77,HERMISTON_2,6,1.0,PNW
78,HERMISTON_2,7,1.0,PNW
79,HERMISTON_2,8,1.0,PNW
80,HERMISTON_2,9,1.0,PNW
81,HERMISTON_2,10,1.0,PNW
82,HERMISTON_2,11,1.0,PNW
83,HERMISTON_2,12,1.0,PNW
84,HERMISTON_2,13,1.0,PNW
85,HERMISTON_2,14,1.0,PNW
86,HERMISTON_2,15,1.0,PNW
87,HERMISTON_2,16,1.0,PNW
88,HERMISTON_2,17,1.0,PNW
89,HERMISTON_2,18,1.0,PNW
90,HERMISTON_2,19,1.0,PNW
91,HERMISTON_2,20,1.0,PNW
92,HERMISTON_2,21,1.0,PNW
93,HERMISTON_2,22,1.0,PNW
94,HERMISTON_2,23,1.0,PNW
95,HERMISTON_2,24,1.0,PNW
96,TRANSALTA_CENTRALIA_1,1,1.0,PNW
97,TRANSALTA_CENTRALIA_1,2,1.0,PNW
98,TRANSALTA_CENTRALIA_1,3,1.0,PNW
99,TRANSALTA_CENTRALIA_1,4,1.0,PNW
100,TRANSALTA_CENTRALIA_1,5,1.0,PNW
101,TRANSALTA_CENTRALIA_1,6,1.0,PNW
102,TRANSALTA_CENTRALIA_1,7,1.0,PNW
103,TRANSALTA_CENTRALIA_1,8,1.0,PNW
104,TRANSALTA_CENTRALIA_1,9,1.0,PNW
105,TRANSALTA_CENTRALIA_1,10,1.0,PNW
106,TRANSALTA_CENTRALIA_1,11,1.0,PNW
107,TRANSALTA_CENTRALIA_1,12,1.0,PNW
108,TRANSALTA_CENTRALIA_1,13,1.0,PNW
109,TRANSALTA_CENTRALIA_1,14,1.0,PNW
110,TRANSALTA_CENTRALIA_1,15,1.0,PNW
111,TRANSALTA_CENTRALIA_1,16,1.0,PNW
112,TRANSALTA_CENTRALIA_1,17,1.0,PNW
113,TRANSALTA_CENTRALIA_1,18,1.0,PNW
114,TRANSALTA_CENTRALIA_1,19,1.0,PNW
115,TRANSALTA_CENTRALIA_1,20,1.0,PNW
116,TRANSALTA_CENTRALIA_1,21,1.0,PNW
117,TRANSALTA_CENTRALIA_1,22,1.0,PNW
118,TRANSALTA_CENTRALIA_1,23,1.0,PNW
119,TRANSALTA_CENTRALIA_1,24,1.0,PNW
120,ENCOGEN_CTG1,1,0.0,PNW
121,ENCOGEN_CTG1,2,0.0,PNW
122,ENCOGEN_CTG1,3,0.0,PNW
123,ENCOGEN_CTG1,4,0.0,PNW
124,ENCOGEN_CTG1,5,0.0,PNW
125,ENCOGEN_CTG1,6,0.0,PNW
126,ENCOGEN_CTG1,7,0.0,PNW
127,ENCOGEN_CTG1,8,0.0,PNW
128,ENCOGEN_CTG1,9,0.0,PNW
129,ENCOGEN_CTG1,10,0.0,PNW
130,ENCOGEN_CTG1,11,0.0,PNW
131,ENCOGEN_CTG1,12,0.0,PNW
132,ENCOGEN_CTG1,13,0.0,PNW
133,ENCOGEN_CTG1,14,0.0,PNW
134,ENCOGEN_CTG1,15,0.0,PNW
135,ENCOGEN_CTG1,16,0.0,PNW
136,ENCOGEN_CTG1,17,0.0,PNW
137,ENCOGEN_CTG1,18,0.0,PNW
138,ENCOGEN_CTG1,19,0.0,PNW
139,ENCOGEN_CTG1,20,0.0,PNW
140,ENCOGEN_CTG1,21,0.0,PNW
141,ENCOGEN_CTG1,22,0.0,PNW
142,ENCOGEN_CTG1,23,0.0,PNW
143,ENCOGEN_CTG1,24,0.0,PNW
144,RATHDRUMPWR_CTG1,1,1.0,PNW
145,RATHDRUMPWR_CTG1,2,1.0,PNW
146,RATHDRUMPWR_CTG1,3,1.0,PNW
147,RATHDRUMPWR_CTG1,4,1.0,PNW
148,RATHDRUMPWR_CTG1,5,1.0,PNW
149,RATHDRUMPWR_CTG1,6,1.0,PNW
150,RATHDRUMPWR_CTG1,7,1.0,PNW
151,RATHDRUMPWR_CTG1,8,1.0,PNW
152,RATHDRUMPWR_CTG1,9,1.0,PNW
153,RATHDRUMPWR_CTG1,10,1.0,PNW
154,RATHDRUMPWR_CTG1,11,1.0,PNW
155,RATHDRUMPWR_CTG1,12,1.0,PNW
156,RATHDRUMPWR_CTG1,13,1.0,PNW
157,RATHDRUMPWR_CTG1,14,1.0,PNW
158,RATHDRUMPWR_CTG1,15,1.0,PNW
159,RATHDRUMPWR_CTG1,16,1.0,PNW
160,RATHDRUMPWR_CTG1,17,1.0,PNW
161,RATHDRUMPWR_CTG1,18,1.0,PNW
162,RATHDRUMPWR_CTG1,19,1.0,PNW
163,RATHDRUMPWR_CTG1,20,1.0,PNW
164,RATHDRUMPWR_CTG1,21,1.0,PNW
165,RATHDRUMPWR_CTG1,22,1.0,PNW
166,RATHDRUMPWR_CTG1,23,1.0,PNW
167,RATHDRUMPWR_CTG1,24,1.0,PNW
168,UNIV_OF_WA_TG2,1,0.0,PNW
169,UNIV_OF_WA_TG2,2,0.0,PNW
170,UNIV_OF_WA_TG2,3,0.0,PNW
171,UNIV_OF_WA_TG2,4,0.0,PNW
172,UNIV_OF_WA_TG2,5,0.0,PNW
173,UNIV_OF_WA_TG2,6,0.0,PNW
174,UNIV_OF_WA_TG2,7,0.0,PNW
175,UNIV_OF_WA_TG2,8,0.0,PNW
176,UNIV_OF_WA_TG2,9,0.0,PNW
177,UNIV_OF_WA_TG2,10,0.0,PNW
178,UNIV_OF_WA_TG2,11,0.0,PNW
179,UNIV_OF_WA_TG2,12,0.0,PNW
180,UNIV_OF_WA_TG2,13,0.0,PNW
181,UNIV_OF_WA_TG2,14,0.0,PNW
182,UNIV_OF_WA_TG2,15,0.0,PNW
183,UNIV_OF_WA_TG2,16,0.0,PNW
184,UNIV_OF_WA_TG2,17,0.0,PNW
185,UNIV_OF_WA_TG2,18,0.0,PNW
186,UNIV_OF_WA_TG2,19,0.0,PNW
187,UNIV_OF_WA_TG2,20,0.0,PNW
188,UNIV_OF_WA_TG2,21,0.0,PNW
189,UNIV_OF_WA_TG2,22,0.0,PNW
190,UNIV_OF_WA_TG2,23,0.0,PNW
191,UNIV_OF_WA_TG2,24,0.0,PNW
192,FREDONIA_3,1,1.0,PNW
193,FREDONIA_3,2,1.0,PNW
194,FREDONIA_3,3,1.0,PNW
195,FREDONIA_3,4,1.0,PNW
196,FREDONIA_3,5,1.0,PNW
197,FREDONIA_3,6,1.0,PNW
198,FREDONIA_3,7,1.0,PNW
199,FREDONIA_3,8,1.0,PNW
200,FREDONIA_3,9,1.0,PNW
201,FREDONIA_3,10,1.0,PNW
202,FREDONIA_3,11,1.0,PNW
203,FREDONIA_3,12,1.0,PNW
204,FREDONIA_3,13,1.0,PNW
205,FREDONIA_3,14,1.0,PNW
206,FREDONIA_3,15,1.0,PNW
207,FREDONIA_3,16,1.0,PNW
208,FREDONIA_3,17,1.0,PNW
209,FREDONIA_3,18,1.0,PNW
210,FREDONIA_3,19,1.0,PNW
211,FREDONIA_3,20,1.0,PNW
212,FREDONIA_3,21,1.0,PNW
213,FREDONIA_3,22,1.0,PNW
214,FREDONIA_3,23,1.0,PNW
215,FREDONIA_3,24,1.0,PNW
216,CHEHALIS_CA,1,0.0,PNW
217,CHEHALIS_CA,2,0.0,PNW
218,CHEHALIS_CA,3,0.0,PNW
219,CHEHALIS_CA,4,0.0,PNW
220,CHEHALIS_CA,5,0.0,PNW
221,CHEHALIS_CA,6,0.0,PNW
222,CHEHALIS_CA,7,0.0,PNW
223,CHEHALIS_CA,8,0.0,PNW
224,CHEHALIS_CA,9,0.0,PNW
225,CHEHALIS_CA,10,0.0,PNW
226,CHEHALIS_CA,11,0.0,PNW
227,CHEHALIS_CA,12,0.0,PNW
228,CHEHALIS_CA,13,0.0,PNW
229,CHEHALIS_CA,14,0.0,PNW
230,CHEHALIS_CA,15,0.0,PNW
231,CHEHALIS_CA,16,0.0,PNW
232,CHEHALIS_CA,17,0.0,PNW
233,CHEHALIS_CA,18,0.0,PNW
234,CHEHALIS_CA,19,0.0,PNW
235,CHEHALIS_CA,20,0.0,PNW
236,CHEHALIS_CA,21,0.0,PNW
237,CHEHALIS_CA,22,0.0,PNW
238,CHEHALIS_CA,23,0.0,PNW
239,CHEHALIS_CA,24,0.0,PNW
240,CHEHALIS_CT2,1,1.0,PNW
241,CHEHALIS_CT2,2,1.0,PNW
242,CHEHALIS_CT2,3,1.0,PNW
243,CHEHALIS_CT2,4,1.0,PNW
244,CHEHALIS_CT2,5,1.0,PNW
245,CHEHALIS_CT2,6,1.0,PNW
246,CHEHALIS_CT2,7,1.0,PNW
247,CHEHALIS_CT2,8,1.0,PNW
248,CHEHALIS_CT2,9,1.0,PNW
249,CHEHALIS_CT2,10,1.0,PNW
250,CHEHALIS_CT2,11,1.0,PNW
251,CHEHALIS_CT2,12,1.0,PNW
252,CHEHALIS_CT2,13,1.0,PNW
253,CHEHALIS_CT2,14,1.0,PNW
254,CHEHALIS_CT2,15,1.0,PNW
255,CHEHALIS_CT2,16,1.0,PNW
256,CHEHALIS_CT2,17,1.0,PNW
257,CHEHALIS_CT2,18,1.0,PNW
258,CHEHALIS_CT2,19,1.0,PNW
259,CHEHALIS_CT2,20,1.0,PNW
260,CHEHALIS_CT2,21,1.0,PNW
261,CHEHALIS_CT2,22,1.0,PNW
262,CHEHALIS_CT2,23,1.0,PNW
263,CHEHALIS_CT2,24,0.0,PNW
264,BEAVER_4,1,0.0,PNW
265,BEAVER_4,2,0.0,PNW
266,BEAVER_4,3,0.0,PNW
267,BEAVER_4,4,0.0,PNW
268,BEAVER_4,5,0.0,PNW
269,BEAVER_4,6,0.0,PNW
270,BEAVER_4,7,0.0,PNW
271,BEAVER_4,8,0.0,PNW
272,BEAVER_4,9,0.0,PNW
273,BEAVER_4,10,0.0,PNW
274,BEAVER_4,11,0.0,PNW
275,BEAVER_4,12,0.0,PNW
276,BEAVER_4,13,0.0,PNW
277,BEAVER_4,14,0.0,PNW
278,BEAVER_4,15,0.0,PNW
279,BEAVER_4,16,0.0,PNW
280,BEAVER_4,17,0.0,PNW
281,BEAVER_4,18,0.0,PNW
282,BEAVER_4,19,0.0,PNW
283,BEAVER_4,20,0.0,PNW
284,BEAVER_4,21,0.0,PNW
285,BEAVER_4,22,0.0,PNW
286,BEAVER_4,23,0.0,PNW
287,BEAVER_4,24,0.0,PNW
288,FERNDALE_CT1A,1,1.0,PNW
289,FERNDALE_CT1A,2,1.0,PNW
290,FERNDALE_CT1A,3,1.0,PNW
291,FERNDALE_CT1A,4,1.0,PNW
292,FERNDALE_CT1A,5,1.0,PNW
293,FERNDALE_CT1A,6,1.0,PNW
294,FERNDALE_CT1A,7,1.0,PNW
295,FERNDALE_CT1A,8,1.0,PNW
296,FERNDALE_CT1A,9,1.0,PNW
297,FERNDALE_CT1A,10,1.0,PNW
298,FERNDALE_CT1A,11,1.0,PNW
299,FERNDALE_CT1A,12,1.0,PNW
300,FERNDALE_CT1A,13,1.0,PNW
301,FERNDALE_CT1A,14,1.0,PNW
302,FERNDALE_CT1A,15,1.0,PNW
303,FERNDALE_CT1A,16,1.0,PNW
304,FERNDALE_CT1A,17,1.0,PNW
305,FERNDALE_CT1A,18,1.0,PNW
306,FERNDALE_CT1A,19,1.0,PNW
307,FERNDALE_CT1A,20,1.0,PNW
308,FERNDALE_CT1A,21,1.0,PNW
309,FERNDALE_CT1A,22,1.0,PNW
310,FERNDALE_CT1A,23,1.0,PNW
311,FERNDALE_CT1A,24,1.0,PNW
312,RATHDRUMPWR_STG1,1,1.0,PNW
313,RATHDRUMPWR_STG1,2,1.0,PNW
314,RATHDRUMPWR_STG1,3,1.0,PNW
315,RATHDRUMPWR_STG1,4,1.0,PNW
316,RATHDRUMPWR_STG1,5,1.0,PNW
317,RATHDRUMPWR_STG1,6,1.0,PNW
318,RATHDRUMPWR_STG1,7,1.0,PNW
319,RATHDRUMPWR_STG1,8,1.0,PNW
320,RATHDRUMPWR_STG1,9,1.0,PNW
321,RATHDRUMPWR_STG1,10,1.0,PNW
322,RATHDRUMPWR_STG1,11,1.0,PNW
323,RATHDRUMPWR_STG1,12,1.0,PNW
324,RATHDRUMPWR_STG1,13,1.0,PNW
325,RATHDRUMPWR_STG1,14,1.0,PNW
326,RATHDRUMPWR_STG1,15,1.0,PNW
327,RATHDRUMPWR_STG1,16,1.0,PNW
328,RATHDRUMPWR_STG1,17,1.0,PNW
329,RATHDRUMPWR_STG1,18,1.0,PNW
330,RATHDRUMPWR_STG1,19,1.0,PNW
331,RATHDRUMPWR_STG1,20,1.0,PNW
332,RATHDRUMPWR_STG1,21,1.0,PNW
333,RATHDRUMPWR_STG1,22,1.0,PNW
334,RATHDRUMPWR_STG1,23,1.0,PNW
335,RATHDRUMPWR_STG1,24,1.0,PNW
336,RUPERT_1002,1,0.0,PNW
337,RUPERT_1002,2,0.0,PNW
338,RUPERT_1002,3,0.0,PNW
339,RUPERT_1002,4,0.0,PNW
340,RUPERT_1002,5,0.0,PNW
341,RUPERT_1002,6,0.0,PNW
342,RUPERT_1002,7,0.0,PNW
343,RUPERT_1002,8,0.0,PNW
344,RUPERT_1002,9,0.0,PNW
345,RUPERT_1002,10,0.0,PNW
346,RUPERT_1002,11,0.0,PNW
347,RUPERT_1002,12,0.0,PNW
348,RUPERT_1002,13,0.0,PNW
349,RUPERT_1002,14,0.0,PNW
350,RUPERT_1002,15,0.0,PNW
351,RUPERT_1002,16,0.0,PNW
352,RUPERT_1002,17,0.0,PNW
353,RUPERT_1002,18,0.0,PNW
354,RUPERT_1002,19,0.0,PNW
355,RUPERT_1002,20,0.0,PNW
356,RUPERT_1002,21,0.0,PNW
357,RUPERT_1002,22,0.0,PNW
358,RUPERT_1002,23,0.0,PNW
359,RUPERT_1002,24,0.0,PNW
360,HERMISTON_PWR_CTG1,1,1.0,PNW
361,HERMISTON_PWR_CTG1,2,1.0,PNW
362,HERMISTON_PWR_CTG1,3,1.0,PNW
363,HERMISTON_PWR_CTG1,4,1.0,PNW
364,HERMISTON_PWR_CTG1,5,1.0,PNW
365,HERMISTON_PWR_CTG1,6,1.0,PNW
366,HERMISTON_PWR_CTG1,7,1.0,PNW
367,HERMISTON_PWR_CTG1,8,1.0,PNW
368,HERMISTON_PWR_CTG1,9,1.0,PNW
369,HERMISTON_PWR_CTG1,10,1.0,PNW
370,HERMISTON_PWR_CTG1,11,1.0,PNW
371,HERMISTON_PWR_CTG1,12,1.0,PNW
372,HERMISTON_PWR_CTG1,13,1.0,PNW
373,HERMISTON_PWR_CTG1,14,1.0,PNW
374,HERMISTON_PWR_CTG1,15,1.0,PNW
375,HERMISTON_PWR_CTG1,16,1.0,PNW
376,HERMISTON_PWR_CTG1,17,1.0,PNW
377,HERMISTON_PWR_CTG1,18,1.0,PNW
378,HERMISTON_PWR_CTG1,19,1.0,PNW
379,HERMISTON_PWR_CTG1,20,1.0,PNW
380,HERMISTON_PWR_CTG1,21,1.0,PNW
381,HERMISTON_PWR_CTG1,22,1.0,PNW
382,HERMISTON_PWR_CTG1,23,1.0,PNW
383,HERMISTON_PWR_CTG1,24,1.0,PNW
384,FREDONIA_2,1,1.0,PNW
385,FREDONIA_2,2,1.0,PNW
386,FREDONIA_2,3,1.0,PNW
387,FREDONIA_2,4,1.0,PNW
388,FREDONIA_2,5,1.0,PNW
389,FREDONIA_2,6,1.0,PNW
390,FREDONIA_2,7,1.0,PNW
391,FREDONIA_2,8,1.0,PNW
392,FREDONIA_2,9,1.0,PNW
393,FREDONIA_2,10,1.0,PNW
394,FREDONIA_2,11,1.0,PNW
395,FREDONIA_2,12,1.0,PNW
396,FREDONIA_2,13,1.0,PNW
397,FREDONIA_2,14,1.0,PNW
398,FREDONIA_2,15,1.0,PNW
399,FREDONIA_2,16,1.0,PNW
400,FREDONIA_2,17,1.0,PNW
401,FREDONIA_2,18,1.0,PNW
402,FREDONIA_2,19,1.0,PNW
403,FREDONIA_2,20,1.0,PNW
404,FREDONIA_2,21,1.0,PNW
405,FREDONIA_2,22,1.0,PNW
406,FREDONIA_2,23,1.0,PNW
407,FREDONIA_2,24,1.0,PNW
408,BOULDER_PARK_3,1,0.0,PNW
409,BOULDER_PARK_3,2,0.0,PNW
410,BOULDER_PARK_3,3,0.0,PNW
411,BOULDER_PARK_3,4,0.0,PNW
412,BOULDER_PARK_3,5,0.0,PNW
413,BOULDER_PARK_3,6,0.0,PNW
414,BOULDER_PARK_3,7,0.0,PNW
415,BOULDER_PARK_3,8,0.0,PNW
416,BOULDER_PARK_3,9,0.0,PNW
417,BOULDER_PARK_3,10,0.0,PNW
418,BOULDER_PARK_3,11,0.0,PNW
419,BOULDER_PARK_3,12,0.0,PNW
420,BOULDER_PARK_3,13,0.0,PNW
421,BOULDER_PARK_3,14,0.0,PNW
422,BOULDER_PARK_3,15,0.0,PNW
423,BOULDER_PARK_3,16,0.0,PNW
424,BOULDER_PARK_3,17,0.0,PNW
425,BOULDER_PARK_3,18,0.0,PNW
426,BOULDER_PARK_3,19,0.0,PNW
427,BOULDER_PARK_3,20,0.0,PNW
428,BOULDER_PARK_3,21,0.0,PNW
429,BOULDER_PARK_3,22,0.0,PNW
430,BOULDER_PARK_3,23,0.0,PNW
431,BOULDER_PARK_3,24,0.0,PNW
432,UNIV_OF_WA_DG7,1,0.0,PNW
433,UNIV_OF_WA_DG7,2,0.0,PNW
434,UNIV_OF_WA_DG7,3,0.0,PNW
435,UNIV_OF_WA_DG7,4,0.0,PNW
436,UNIV_OF_WA_DG7,5,0.0,PNW
437,UNIV_OF_WA_DG7,6,0.0,PNW
438,UNIV_OF_WA_DG7,7,0.0,PNW
439,UNIV_OF_WA_DG7,8,0.0,PNW
440,UNIV_OF_WA_DG7,9,0.0,PNW
441,UNIV_OF_WA_DG7,10,0.0,PNW
442,UNIV_OF_WA_DG7,11,0.0,PNW
443,UNIV_OF_WA_DG7,12,0.0,PNW
444,UNIV_OF_WA_DG7,13,0.0,PNW
445,UNIV_OF_WA_DG7,14,0.0,PNW
446,UNIV_OF_WA_DG7,15,0.0,PNW
447,UNIV_OF_WA_DG7,16,0.0,PNW
448,UNIV_OF_WA_DG7,17,0.0,PNW
449,UNIV_OF_WA_DG7,18,0.0,PNW
450,UNIV_OF_WA_DG7,19,0.0,PNW
451,UNIV_OF_WA_DG7,20,0.0,PNW
452,UNIV_OF_WA_DG7,21,0.0,PNW
453,UNIV_OF_WA_DG7,22,0.0,PNW
454,UNIV_OF_WA_DG7,23,0.0,PNW
455,UNIV_OF_WA_DG7,24,0.0,PNW
456,COYOTE_SPRINGS_1_GEN_2,1,0.0,PNW
457,COYOTE_SPRINGS_1_GEN_2,2,0.0,PNW
458,COYOTE_SPRINGS_1_GEN_2,3,0.0,PNW
459,COYOTE_SPRINGS_1_GEN_2,4,0.0,PNW
460,COYOTE_SPRINGS_1_GEN_2,5,0.0,PNW
461,COYOTE_SPRINGS_1_GEN_2,6,0.0,PNW
462,COYOTE_SPRINGS_1_GEN_2,7,0.0,PNW
463,COYOTE_SPRINGS_1_GEN_2,8,0.0,PNW
464,COYOTE_SPRINGS_1_GEN_2,9,0.0,PNW
465,COYOTE_SPRINGS_1_GEN_2,10,0.0,PNW
466,COYOTE_SPRINGS_1_GEN_2,11,0.0,PNW
467,COYOTE_SPRINGS_1_GEN_2,12,0.0,PNW
468,COYOTE_SPRINGS_1_GEN_2,13,0.0,PNW
469,COYOTE_SPRINGS_1_GEN_2,14,0.0,PNW
470,COYOTE_SPRINGS_1_GEN_2,15,0.0,PNW
471,COYOTE_SPRINGS_1_GEN_2,16,0.0,PNW
472,COYOTE_SPRINGS_1_GEN_2,17,0.0,PNW
473,COYOTE_SPRINGS_1_GEN_2,18,0.0,PNW
474,COYOTE_SPRINGS_1_GEN_2,19,0.0,PNW
475,COYOTE_SPRINGS_1_GEN_2,20,0.0,PNW
476,COYOTE_SPRINGS_1_GEN_2,21,0.0,PNW
477,COYOTE_SPRINGS_1_GEN_2,22,0.0,PNW
478,COYOTE_SPRINGS_1_GEN_2,23,0.0,PNW
479,COYOTE_SPRINGS_1_GEN_2,24,0.0,PNW
480,TRANSALTA_CENTRALIA_2,1,1.0,PNW
481,TRANSALTA_CENTRALIA_2,2,1.0,PNW
482,TRANSALTA_CENTRALIA_2,3,1.0,PNW
483,TRANSALTA_CENTRALIA_2,4,1.0,PNW
484,TRANSALTA_CENTRALIA_2,5,1.0,PNW
485,TRANSALTA_CENTRALIA_2,6,1.0,PNW
486,TRANSALTA_CENTRALIA_2,7,1.0,PNW
487,TRANSALTA_CENTRALIA_2,8,1.0,PNW
488,TRANSALTA_CENTRALIA_2,9,1.0,PNW
489,TRANSALTA_CENTRALIA_2,10,1.0,PNW
490,TRANSALTA_CENTRALIA_2,11,1.0,PNW
491,TRANSALTA_CENTRALIA_2,12,1.0,PNW
492,TRANSALTA_CENTRALIA_2,13,1.0,PNW
493,TRANSALTA_CENTRALIA_2,14,1.0,PNW
494,TRANSALTA_CENTRALIA_2,15,1.0,PNW
495,TRANSALTA_CENTRALIA_2,16,1.0,PNW
496,TRANSALTA_CENTRALIA_2,17,1.0,PNW
497,TRANSALTA_CENTRALIA_2,18,1.0,PNW
498,TRANSALTA_CENTRALIA_2,19,1.0,PNW
499,TRANSALTA_CENTRALIA_2,20,1.0,PNW
500,TRANSALTA_CENTRALIA_2,21,1.0,PNW
501,TRANSALTA_CENTRALIA_2,22,1.0,PNW
502,TRANSALTA_CENTRALIA_2,23,1.0,PNW
503,TRANSALTA_CENTRALIA_2,24,1.0,PNW
504,RATHDRUM_2,1,0.0,PNW
505,RATHDRUM_2,2,0.0,PNW
506,RATHDRUM_2,3,0.0,PNW
507,RATHDRUM_2,4,0.0,PNW
508,RATHDRUM_2,5,0.0,PNW
509,RATHDRUM_2,6,0.0,PNW
510,RATHDRUM_2,7,0.0,PNW
511,RATHDRUM_2,8,0.0,PNW
512,RATHDRUM_2,9,0.0,PNW
513,RATHDRUM_2,10,0.0,PNW
514,RATHDRUM_2,11,0.0,PNW
515,RATHDRUM_2,12,0.0,PNW
516,RATHDRUM_2,13,0.0,PNW
517,RATHDRUM_2,14,0.0,PNW
518,RATHDRUM_2,15,0.0,PNW
519,RATHDRUM_2,16,0.0,PNW
520,RATHDRUM_2,17,0.0,PNW
521,RATHDRUM_2,18,0.0,PNW
522,RATHDRUM_2,19,0.0,PNW
523,RATHDRUM_2,20,0.0,PNW
524,RATHDRUM_2,21,0.0,PNW
525,RATHDRUM_2,22,0.0,PNW
526,RATHDRUM_2,23,0.0,PNW
527,RATHDRUM_2,24,0.0,PNW
528,FREDERICKSON_PWR_FICT,1,1.0,PNW
529,FREDERICKSON_PWR_FICT,2,1.0,PNW
530,FREDERICKSON_PWR_FICT,3,1.0,PNW
531,FREDERICKSON_PWR_FICT,4,1.0,PNW
532,FREDERICKSON_PWR_FICT,5,1.0,PNW
533,FREDERICKSON_PWR_FICT,6,1.0,PNW
534,FREDERICKSON_PWR_FICT,7,1.0,PNW
535,FREDERICKSON_PWR_FICT,8,1.0,PNW
536,FREDERICKSON_PWR_FICT,9,1.0,PNW
537,FREDERICKSON_PWR_FICT,10,1.0,PNW
538,FREDERICKSON_PWR_FICT,11,1.0,PNW
539,FREDERICKSON_PWR_FICT,12,1.0,PNW
540,FREDERICKSON_PWR_FICT,13,1.0,PNW
541,FREDERICKSON_PWR_FICT,14,1.0,PNW
542,FREDERICKSON_PWR_FICT,15,1.0,PNW
543,FREDERICKSON_PWR_FICT,16,1.0,PNW
544,FREDERICKSON_PWR_FICT,17,1.0,PNW
545,FREDERICKSON_PWR_FICT,18,1.0,PNW
546,FREDERICKSON_PWR_FICT,19,1.0,PNW
547,FREDERICKSON_PWR_FICT,20,1.0,PNW
548,FREDERICKSON_PWR_FICT,21,1.0,PNW
549,FREDERICKSON_PWR_FICT,22,1.0,PNW
550,FREDERICKSON_PWR_FICT,23,1.0,PNW
551,FREDERICKSON_PWR_FICT,24,1.0,PNW
552,SUMAS_GEN2,1,0.0,PNW
553,SUMAS_GEN2,2,0.0,PNW
554,SUMAS_GEN2,3,0.0,PNW
555,SUMAS_GEN2,4,0.0,PNW
556,SUMAS_GEN2,5,0.0,PNW
557,SUMAS_GEN2,6,0.0,PNW
558,SUMAS_GEN2,7,0.0,PNW
559,SUMAS_GEN2,8,0.0,PNW
560,SUMAS_GEN2,9,0.0,PNW
561,SUMAS_GEN2,10,0.0,PNW
562,SUMAS_GEN2,11,0.0,PNW
563,SUMAS_GEN2,12,0.0,PNW
564,SUMAS_GEN2,13,0.0,PNW
565,SUMAS_GEN2,14,0.0,PNW
566,SUMAS_GEN2,15,0.0,PNW
567,SUMAS_GEN2,16,0.0,PNW
568,SUMAS_GEN2,17,0.0,PNW
569,SUMAS_GEN2,18,0.0,PNW
570,SUMAS_GEN2,19,0.0,PNW
571,SUMAS_GEN2,20,0.0,PNW
572,SUMAS_GEN2,21,0.0,PNW
573,SUMAS_GEN2,22,0.0,PNW
574,SUMAS_GEN2,23,0.0,PNW
575,SUMAS_GEN2,24,0.0,PNW
576,FREDERICKSON_1,1,0.0,PNW
577,FREDERICKSON_1,2,0.0,PNW
578,FREDERICKSON_1,3,0.0,PNW
579,FREDERICKSON_1,4,0.0,PNW
580,FREDERICKSON_1,5,0.0,PNW
581,FREDERICKSON_1,6,0.0,PNW
582,FREDERICKSON_1,7,0.0,PNW
583,FREDERICKSON_1,8,0.0,PNW
584,FREDERICKSON_1,9,0.0,PNW
585,FREDERICKSON_1,10,0.0,PNW
586,FREDERICKSON_1,11,0.0,PNW
587,FREDERICKSON_1,12,0.0,PNW
588,FREDERICKSON_1,13,0.0,PNW
589,FREDERICKSON_1,14,0.0,PNW
590,FREDERICKSON_1,15,0.0,PNW
591,FREDERICKSON_1,16,0.0,PNW
592,FREDERICKSON_1,17,0.0,PNW
593,FREDERICKSON_1,18,0.0,PNW
594,FREDERICKSON_1,19,0.0,PNW
595,FREDERICKSON_1,20,0.0,PNW
596,FREDERICKSON_1,21,0.0,PNW
597,FREDERICKSON_1,22,0.0,PNW
598,FREDERICKSON_1,23,0.0,PNW
599,FREDERICKSON_1,24,0.0,PNW
600,SLACK,1,0.0,PNW
601,SLACK,2,0.0,PNW
602,SLACK,3,0.0,PNW
603,SLACK,4,0.0,PNW
604,SLACK,5,0.0,PNW
605,SLACK,6,0.0,PNW
606,SLACK,7,0.0,PNW
607,SLACK,8,0.0,PNW
608,SLACK,9,0.0,PNW
609,SLACK,10,0.0,PNW
610,SLACK,11,0.0,PNW
611,SLACK,12,0.0,PNW
612,SLACK,13,0.0,PNW
613,SLACK,14,0.0,PNW
614,SLACK,15,0.0,PNW
615,SLACK,16,0.0,PNW
616,SLACK,17,0.0,PNW
617,SLACK,18,0.0,PNW
618,SLACK,19,0.0,PNW
619,SLACK,20,0.0,PNW
620,SLACK,21,0.0,PNW
621,SLACK,22,0.0,PNW
622,SLACK,23,0.0,PNW
623,SLACK,24,0.0,PNW
624,KLAMATH_COGEN_CT1,1,1.0,PNW
625,KLAMATH_COGEN_CT1,2,1.0,PNW
626,KLAMATH_COGEN_CT1,3,1.0,PNW
627,KLAMATH_COGEN_CT1,4,1.0,PNW
628,KLAMATH_COGEN_CT1,5,1.0,PNW
629,KLAMATH_COGEN_CT1,6,1.0,PNW
630,KLAMATH_COGEN_CT1,7,1.0,PNW
631,KLAMATH_COGEN_CT1,8,1.0,PNW
632,KLAMATH_COGEN_CT1,9,1.0,PNW
633,KLAMATH_COGEN_CT1,10,1.0,PNW
634,KLAMATH_COGEN_CT1,11,1.0,PNW
635,KLAMATH_COGEN_CT1,12,1.0,PNW
636,KLAMATH_COGEN_CT1,13,1.0,PNW
637,KLAMATH_COGEN_CT1,14,1.0,PNW
638,KLAMATH_COGEN_CT1,15,1.0,PNW
639,KLAMATH_COGEN_CT1,16,1.0,PNW
640,KLAMATH_COGEN_CT1,17,1.0,PNW
641,KLAMATH_COGEN_CT1,18,1.0,PNW
642,KLAMATH_COGEN_CT1,19,1.0,PNW
643,KLAMATH_COGEN_CT1,20,1.0,PNW
644,KLAMATH_COGEN_CT1,21,1.0,PNW
645,KLAMATH_COGEN_CT1,22,1.0,PNW
646,KLAMATH_COGEN_CT1,23,1.0,PNW
647,KLAMATH_COGEN_CT1,24,1.0,PNW
648,OSU_ENERGY_CENTER_CTG,1,1.0,PNW
649,OSU_ENERGY_CENTER_CTG,2,1.0,PNW
650,OSU_ENERGY_CENTER_CTG,3,1.0,PNW
651,OSU_ENERGY_CENTER_CTG,4,1.0,PNW
652,OSU_ENERGY_CENTER_CTG,5,1.0,PNW
653,OSU_ENERGY_CENTER_CTG,6,1.0,PNW
654,OSU_ENERGY_CENTER_CTG,7,1.0,PNW
655,OSU_ENERGY_CENTER_CTG,8,1.0,PNW
656,OSU_ENERGY_CENTER_CTG,9,1.0,PNW
657,OSU_ENERGY_CENTER_CTG,10,1.0,PNW
658,OSU_ENERGY_CENTER_CTG,11,1.0,PNW
659,OSU_ENERGY_CENTER_CTG,12,1.0,PNW
660,OSU_ENERGY_CENTER_CTG,13,1.0,PNW
661,OSU_ENERGY_CENTER_CTG,14,1.0,PNW
662,OSU_ENERGY_CENTER_CTG,15,1.0,PNW
663,OSU_ENERGY_CENTER_CTG,16,1.0,PNW
664,OSU_ENERGY_CENTER_CTG,17,1.0,PNW
665,OSU_ENERGY_CENTER_CTG,18,1.0,PNW
666,OSU_ENERGY_CENTER_CTG,19,1.0,PNW
667,OSU_ENERGY_CENTER_CTG,20,1.0,PNW
668,OSU_ENERGY_CENTER_CTG,21,1.0,PNW
669,OSU_ENERGY_CENTER_CTG,22,1.0,PNW
670,OSU_ENERGY_CENTER_CTG,23,1.0,PNW
671,OSU_ENERGY_CENTER_CTG,24,1.0,PNW
672,UNIV_OF_WA_DG4,1,0.0,PNW
673,UNIV_OF_WA_DG4,2,0.0,PNW
674,UNIV_OF_WA_DG4,3,0.0,PNW
675,UNIV_OF_WA_DG4,4,0.0,PNW
676,UNIV_OF_WA_DG4,5,0.0,PNW
677,UNIV_OF_WA_DG4,6,0.0,PNW
678,UNIV_OF_WA_DG4,7,0.0,PNW
679,UNIV_OF_WA_DG4,8,0.0,PNW
680,UNIV_OF_WA_DG4,9,0.0,PNW
681,UNIV_OF_WA_DG4,10,0.0,PNW
682,UNIV_OF_WA_DG4,11,0.0,PNW
683,UNIV_OF_WA_DG4,12,0.0,PNW
684,UNIV_OF_WA_DG4,13,0.0,PNW
685,UNIV_OF_WA_DG4,14,0.0,PNW
686,UNIV_OF_WA_DG4,15,0.0,PNW
687,UNIV_OF_WA_DG4,16,0.0,PNW
688,UNIV_OF_WA_DG4,17,0.0,PNW
689,UNIV_OF_WA_DG4,18,0.0,PNW
690,UNIV_OF_WA_DG4,19,0.0,PNW
691,UNIV_OF_WA_DG4,20,0.0,PNW
692,UNIV_OF_WA_DG4,21,0.0,PNW
693,UNIV_OF_WA_DG4,22,0.0,PNW
694,UNIV_OF_WA_DG4,23,0.0,PNW
695,UNIV_OF_WA_DG4,24,0.0,PNW
696,KLAMATH_EXPANSION_GT4,1,0.0,PNW
697,KLAMATH_EXPANSION_GT4,2,0.0,PNW
698,KLAMATH_EXPANSION_GT4,3,0.0,PNW
699,KLAMATH_EXPANSION_GT4,4,0.0,PNW
700,KLAMATH_EXPANSION_GT4,5,0.0,PNW
701,KLAMATH_EXPANSION_GT4,6,0.0,PNW
702,KLAMATH_EXPANSION_GT4,7,0.0,PNW
703,KLAMATH_EXPANSION_GT4,8,0.0,PNW
704,KLAMATH_EXPANSION_GT4,9,0.0,PNW
705,KLAMATH_EXPANSION_GT4,10,0.0,PNW
706,KLAMATH_EXPANSION_GT4,11,0.0,PNW
707,KLAMATH_EXPANSION_GT4,12,0.0,PNW
708,KLAMATH_EXPANSION_GT4,13,0.0,PNW
709,KLAMATH_EXPANSION_GT4,14,0.0,PNW
710,KLAMATH_EXPANSION_GT4,15,0.0,PNW
711,KLAMATH_EXPANSION_GT4,16,0.0,PNW
712,KLAMATH_EXPANSION_GT4,17,0.0,PNW
713,KLAMATH_EXPANSION_GT4,18,0.0,PNW
714,KLAMATH_EXPANSION_GT4,19,0.0,PNW
715,KLAMATH_EXPANSION_GT4,20,0.0,PNW
716,KLAMATH_EXPANSION_GT4,21,0.0,PNW
717,KLAMATH_EXPANSION_GT4,22,0.0,PNW
718,KLAMATH_EXPANSION_GT4,23,0.0,PNW
719,KLAMATH_EXPANSION_GT4,24,0.0,PNW
720,BEAVER_7,1,0.0,PNW
721,BEAVER_7,2,0.0,PNW
722,BEAVER_7,3,0.0,PNW
723,BEAVER_7,4,0.0,PNW
724,BEAVER_7,5,0.0,PNW
725,BEAVER_7,6,0.0,PNW
726,BEAVER_7,7,0.0,PNW
727,BEAVER_7,8,0.0,PNW
728,BEAVER_7,9,0.0,PNW
729,BEAVER_7,10,0.0,PNW
730,BEAVER_7,11,0.0,PNW
731,BEAVER_7,12,0.0,PNW
732,BEAVER_7,13,0.0,PNW
733,BEAVER_7,14,0.0,PNW
734,BEAVER_7,15,0.0,PNW
735,BEAVER_7,16,0.0,PNW
736,BEAVER_7,17,0.0,PNW
737,BEAVER_7,18,0.0,PNW
738,BEAVER_7,19,0.0,PNW
739,BEAVER_7,20,0.0,PNW
740,BEAVER_7,21,0.0,PNW
741,BEAVER_7,22,0.0,PNW
742,BEAVER_7,23,0.0,PNW
743,BEAVER_7,24,0.0,PNW
744,KLAMATH_COGEN_ST1,1,1.0,PNW
745,KLAMATH_COGEN_ST1,2,1.0,PNW
746,KLAMATH_COGEN_ST1,3,1.0,PNW
747,KLAMATH_COGEN_ST1,4,1.0,PNW
748,KLAMATH_COGEN_ST1,5,1.0,PNW
749,KLAMATH_COGEN_ST1,6,1.0,PNW
750,KLAMATH_COGEN_ST1,7,1.0,PNW
751,KLAMATH_COGEN_ST1,8,1.0,PNW
752,KLAMATH_COGEN_ST1,9,1.0,PNW
753,KLAMATH_COGEN_ST1,10,1.0,PNW
754,KLAMATH_COGEN_ST1,11,1.0,PNW
755,KLAMATH_COGEN_ST1,12,1.0,PNW
756,KLAMATH_COGEN_ST1,13,1.0,PNW
757,KLAMATH_COGEN_ST1,14,1.0,PNW
758,KLAMATH_COGEN_ST1,15,1.0,PNW
759,KLAMATH_COGEN_ST1,16,1.0,PNW
760,KLAMATH_COGEN_ST1,17,1.0,PNW
761,KLAMATH_COGEN_ST1,18,1.0,PNW
762,KLAMATH_COGEN_ST1,19,1.0,PNW
763,KLAMATH_COGEN_ST1,20,1.0,PNW
764,KLAMATH_COGEN_ST1,21,1.0,PNW
765,KLAMATH_COGEN_ST1,22,1.0,PNW
766,KLAMATH_COGEN_ST1,23,1.0,PNW
767,KLAMATH_COGEN_ST1,24,1.0,PNW
768,OSU_ENERGY_CENTER_STG,1,1.0,PNW
769,OSU_ENERGY_CENTER_STG,2,1.0,PNW
770,OSU_ENERGY_CENTER_STG,3,1.0,PNW
771,OSU_ENERGY_CENTER_STG,4,1.0,PNW
772,OSU_ENERGY_CENTER_STG,5,1.0,PNW
773,OSU_ENERGY_CENTER_STG,6,1.0,PNW
774,OSU_ENERGY_CENTER_STG,7,1.0,PNW
775,OSU_ENERGY_CENTER_STG,8,1.0,PNW
776,OSU_ENERGY_CENTER_STG,9,1.0,PNW
777,OSU_ENERGY_CENTER_STG,10,1.0,PNW
778,OSU_ENERGY_CENTER_STG,11,1.0,PNW
779,OSU_ENERGY_CENTER_STG,12,1.0,PNW
780,OSU_ENERGY_CENTER_STG,13,1.0,PNW
781,OSU_ENERGY_CENTER_STG,14,1.0,PNW
782,OSU_ENERGY_CENTER_STG,15,1.0,PNW
783,OSU_ENERGY_CENTER_STG,16,1.0,PNW
784,OSU_ENERGY_CENTER_STG,17,1.0,PNW
785,OSU_ENERGY_CENTER_STG,18,1.0,PNW
786,OSU_ENERGY_CENTER_STG,19,1.0,PNW
787,OSU_ENERGY_CENTER_STG,20,1.0,PNW
788,OSU_ENERGY_CENTER_STG,21,1.0,PNW
789,OSU_ENERGY_CENTER_STG,22,1.0,PNW
790,OSU_ENERGY_CENTER_STG,23,1.0,PNW
791,OSU_ENERGY_CENTER_STG,24,1.0,PNW
792,HERMISTON_1,1,1.0,PNW
793,HERMISTON_1,2,1.0,PNW
794,HERMISTON_1,3,1.0,PNW
795,HERMISTON_1,4,1.0,PNW
796,HERMISTON_1,5,1.0,PNW
797,HERMISTON_1,6,1.0,PNW
798,HERMISTON_1,7,1.0,PNW
799,HERMISTON_1,8,1.0,PNW
800,HERMISTON_1,9,1.0,PNW
801,HERMISTON_1,10,1.0,PNW
802,HERMISTON_1,11,1.0,PNW
803,HERMISTON_1,12,1.0,PNW
804,HERMISTON_1,13,1.0,PNW
805,HERMISTON_1,14,1.0,PNW
806,HERMISTON_1,15,1.0,PNW
807,HERMISTON_1,16,1.0,PNW
808,HERMISTON_1,17,1.0,PNW
809,HERMISTON_1,18,1.0,PNW
810,HERMISTON_1,19,1.0,PNW
811,HERMISTON_1,20,1.0,PNW
812,HERMISTON_1,21,1.0,PNW
813,HERMISTON_1,22,1.0,PNW
814,HERMISTON_1,23,1.0,PNW
815,HERMISTON_1,24,1.0,PNW
816,CRYSTAL_MOUNTAIN_1,1,0.0,PNW
817,CRYSTAL_MOUNTAIN_1,2,0.0,PNW
818,CRYSTAL_MOUNTAIN_1,3,0.0,PNW
819,CRYSTAL_MOUNTAIN_1,4,0.0,PNW
820,CRYSTAL_MOUNTAIN_1,5,0.0,PNW
821,CRYSTAL_MOUNTAIN_1,6,0.0,PNW
822,CRYSTAL_MOUNTAIN_1,7,0.0,PNW
823,CRYSTAL_MOUNTAIN_1,8,0.0,PNW
824,CRYSTAL_MOUNTAIN_1,9,0.0,PNW
825,CRYSTAL_MOUNTAIN_1,10,0.0,PNW
826,CRYSTAL_MOUNTAIN_1,11,0.0,PNW
827,CRYSTAL_MOUNTAIN_1,12,0.0,PNW
828,CRYSTAL_MOUNTAIN_1,13,0.0,PNW
829,CRYSTAL_MOUNTAIN_1,14,0.0,PNW
830,CRYSTAL_MOUNTAIN_1,15,0.0,PNW
831,CRYSTAL_MOUNTAIN_1,16,0.0,PNW
832,CRYSTAL_MOUNTAIN_1,17,0.0,PNW
833,CRYSTAL_MOUNTAIN_1,18,0.0,PNW
834,CRYSTAL_MOUNTAIN_1,19,0.0,PNW
835,CRYSTAL_MOUNTAIN_1,20,0.0,PNW
836,CRYSTAL_MOUNTAIN_1,21,0.0,PNW
837,CRYSTAL_MOUNTAIN_1,22,0.0,PNW
838,CRYSTAL_MOUNTAIN_1,23,0.0,PNW
839,CRYSTAL_MOUNTAIN_1,24,0.0,PNW
840,FREDONIA_1,1,1.0,PNW
841,FREDONIA_1,2,1.0,PNW
842,FREDONIA_1,3,1.0,PNW
843,FREDONIA_1,4,1.0,PNW
844,FREDONIA_1,5,1.0,PNW
845,FREDONIA_1,6,1.0,PNW
846,FREDONIA_1,7,1.0,PNW
847,FREDONIA_1,8,1.0,PNW
848,FREDONIA_1,9,1.0,PNW
849,FREDONIA_1,10,1.0,PNW
850,FREDONIA_1,11,1.0,PNW
851,FREDONIA_1,12,1.0,PNW
852,FREDONIA_1,13,1.0,PNW
853,FREDONIA_1,14,1.0,PNW
854,FREDONIA_1,15,1.0,PNW
855,FREDONIA_1,16,1.0,PNW
856,FREDONIA_1,17,1.0,PNW
857,FREDONIA_1,18,1.0,PNW
858,FREDONIA_1,19,1.0,PNW
859,FREDONIA_1,20,1.0,PNW
860,FREDONIA_1,21,1.0,PNW
861,FREDONIA_1,22,1.0,PNW
862,FREDONIA_1,23,1.0,PNW
863,FREDONIA_1,24,1.0,PNW
864,BEAVER_3,1,0.0,PNW
865,BEAVER_3,2,0.0,PNW
866,BEAVER_3,3,0.0,PNW
867,BEAVER_3,4,0.0,PNW
868,BEAVER_3,5,0.0,PNW
869,BEAVER_3,6,0.0,PNW
870,BEAVER_3,7,0.0,PNW
871,BEAVER_3,8,0.0,PNW
872,BEAVER_3,9,0.0,PNW
873,BEAVER_3,10,0.0,PNW
874,BEAVER_3,11,0.0,PNW
875,BEAVER_3,12,0.0,PNW
876,BEAVER_3,13,0.0,PNW
877,BEAVER_3,14,0.0,PNW
878,BEAVER_3,15,0.0,PNW
879,BEAVER_3,16,0.0,PNW
880,BEAVER_3,17,0.0,PNW
881,BEAVER_3,18,0.0,PNW
882,BEAVER_3,19,0.0,PNW
883,BEAVER_3,20,0.0,PNW
884,BEAVER_3,21,0.0,PNW
885,BEAVER_3,22,0.0,PNW
886,BEAVER_3,23,0.0,PNW
887,BEAVER_3,24,0.0,PNW
888,FERNDALE_CT1B,1,1.0,PNW
889,FERNDALE_CT1B,2,1.0,PNW
890,FERNDALE_CT1B,3,1.0,PNW
891,FERNDALE_CT1B,4,1.0,PNW
892,FERNDALE_CT1B,5,1.0,PNW
893,FERNDALE_CT1B,6,1.0,PNW
894,FERNDALE_CT1B,7,1.0,PNW
895,FERNDALE_CT1B,8,1.0,PNW
896,FERNDALE_CT1B,9,1.0,PNW
897,FERNDALE_CT1B,10,1.0,PNW
898,FERNDALE_CT1B,11,1.0,PNW
899,FERNDALE_CT1B,12,1.0,PNW
900,FERNDALE_CT1B,13,1.0,PNW
901,FERNDALE_CT1B,14,1.0,PNW
902,FERNDALE_CT1B,15,1.0,PNW
903,FERNDALE_CT1B,16,1.0,PNW
904,FERNDALE_CT1B,17,1.0,PNW
905,FERNDALE_CT1B,18,1.0,PNW
906,FERNDALE_CT1B,19,1.0,PNW
907,FERNDALE_CT1B,20,1.0,PNW
908,FERNDALE_CT1B,21,1.0,PNW
909,FERNDALE_CT1B,22,1.0,PNW
910,FERNDALE_CT1B,23,1.0,PNW
911,FERNDALE_CT1B,24,1.0,PNW
912,GRAND_COULEE_PS,1,1.0,PNW
913,GRAND_COULEE_PS,2,1.0,PNW
914,GRAND_COULEE_PS,3,1.0,PNW
915,GRAND_COULEE_PS,4,1.0,PNW
916,GRAND_COULEE_PS,5,1.0,PNW
917,GRAND_COULEE_PS,6,1.0,PNW
918,GRAND_COULEE_PS,7,1.0,PNW
919,GRAND_COULEE_PS,8,1.0,PNW
920,GRAND_COULEE_PS,9,1.0,PNW
921,GRAND_COULEE_PS,10,1.0,PNW
922,GRAND_COULEE_PS,11,1.0,PNW
923,GRAND_COULEE_PS,12,1.0,PNW
924,GRAND_COULEE_PS,13,1.0,PNW
925,GRAND_COULEE_PS,14,1.0,PNW
926,GRAND_COULEE_PS,15,1.0,PNW
927,GRAND_COULEE_PS,16,1.0,PNW
928,GRAND_COULEE_PS,17,1.0,PNW
929,GRAND_COULEE_PS,18,1.0,PNW
930,GRAND_COULEE_PS,19,1.0,PNW
931,GRAND_COULEE_PS,20,1.0,PNW
932,GRAND_COULEE_PS,21,1.0,PNW
933,GRAND_COULEE_PS,22,1.0,PNW
934,GRAND_COULEE_PS,23,1.0,PNW
935,GRAND_COULEE_PS,24,1.0,PNW
936,BOARDMAN_1,1,1.0,PNW
937,BOARDMAN_1,2,1.0,PNW
938,BOARDMAN_1,3,1.0,PNW
939,BOARDMAN_1,4,1.0,PNW
940,BOARDMAN_1,5,1.0,PNW
941,BOARDMAN_1,6,1.0,PNW
942,BOARDMAN_1,7,1.0,PNW
943,BOARDMAN_1,8,1.0,PNW
944,BOARDMAN_1,9,1.0,PNW
945,BOARDMAN_1,10,1.0,PNW
946,BOARDMAN_1,11,1.0,PNW
947,BOARDMAN_1,12,1.0,PNW
948,BOARDMAN_1,13,1.0,PNW
949,BOARDMAN_1,14,1.0,PNW
950,BOARDMAN_1,15,1.0,PNW
951,BOARDMAN_1,16,1.0,PNW
952,BOARDMAN_1,17,1.0,PNW
953,BOARDMAN_1,18,1.0,PNW
954,BOARDMAN_1,19,1.0,PNW
955,BOARDMAN_1,20,1.0,PNW
956,BOARDMAN_1,21,1.0,PNW
957,BOARDMAN_1,22,1.0,PNW
958,BOARDMAN_1,23,1.0,PNW
959,BOARDMAN_1,24,1.0,PNW
960,BOULDER_PARK_5,1,0.0,PNW
961,BOULDER_PARK_5,2,0.0,PNW
962,BOULDER_PARK_5,3,0.0,PNW
963,BOULDER_PARK_5,4,0.0,PNW
964,BOULDER_PARK_5,5,0.0,PNW
965,BOULDER_PARK_5,6,0.0,PNW
966,BOULDER_PARK_5,7,0.0,PNW
967,BOULDER_PARK_5,8,0.0,PNW
968,BOULDER_PARK_5,9,0.0,PNW
969,BOULDER_PARK_5,10,0.0,PNW
970,BOULDER_PARK_5,11,0.0,PNW
971,BOULDER_PARK_5,12,0.0,PNW
972,BOULDER_PARK_5,13,0.0,PNW
973,BOULDER_PARK_5,14,0.0,PNW
974,BOULDER_PARK_5,15,0.0,PNW
975,BOULDER_PARK_5,16,0.0,PNW
976,BOULDER_PARK_5,17,0.0,PNW
977,BOULDER_PARK_5,18,0.0,PNW
978,BOULDER_PARK_5,19,0.0,PNW
979,BOULDER_PARK_5,20,0.0,PNW
980,BOULDER_PARK_5,21,0.0,PNW
981,BOULDER_PARK_5,22,0.0,PNW
982,BOULDER_PARK_5,23,0.0,PNW
983,BOULDER_PARK_5,24,0.0,PNW
984,KLAMATH_EXPANSION_GT1,1,0.0,PNW
985,KLAMATH_EXPANSION_GT1,2,0.0,PNW
986,KLAMATH_EXPANSION_GT1,3,0.0,PNW
987,KLAMATH_EXPANSION_GT1,4,0.0,PNW
988,KLAMATH_EXPANSION_GT1,5,0.0,PNW
989,KLAMATH_EXPANSION_GT1,6,0.0,PNW
990,KLAMATH_EXPANSION_GT1,7,0.0,PNW
991,KLAMATH_EXPANSION_GT1,8,0.0,PNW
992,KLAMATH_EXPANSION_GT1,9,0.0,PNW
993,KLAMATH_EXPANSION_GT1,10,0.0,PNW
994,KLAMATH_EXPANSION_GT1,11,0.0,PNW
995,KLAMATH_EXPANSION_GT1,12,0.0,PNW
996,KLAMATH_EXPANSION_GT1,13,0.0,PNW
997,KLAMATH_EXPANSION_GT1,14,0.0,PNW
998,KLAMATH_EXPANSION_GT1,15,0.0,PNW
999,KLAMATH_EXPANSION_GT1,16,0.0,PNW
1000,KLAMATH_EXPANSION_GT1,17,0.0,PNW
1001,KLAMATH_EXPANSION_GT1,18,0.0,PNW
1002,KLAMATH_EXPANSION_GT1,19,0.0,PNW
1003,KLAMATH_EXPANSION_GT1,20,0.0,PNW
1004,KLAMATH_EXPANSION_GT1,21,0.0,PNW
1005,KLAMATH_EXPANSION_GT1,22,0.0,PNW
1006,KLAMATH_EXPANSION_GT1,23,0.0,PNW
1007,KLAMATH_EXPANSION_GT1,24,0.0,PNW
1008,ENCOGEN_CTG3,1,0.0,PNW
1009,ENCOGEN_CTG3,2,0.0,PNW
1010,ENCOGEN_CTG3,3,0.0,PNW
1011,ENCOGEN_CTG3,4,0.0,PNW
1012,ENCOGEN_CTG3,5,0.0,PNW
1013,ENCOGEN_CTG3,6,0.0,PNW
1014,ENCOGEN_CTG3,7,0.0,PNW
1015,ENCOGEN_CTG3,8,0.0,PNW
1016,ENCOGEN_CTG3,9,0.0,PNW
1017,ENCOGEN_CTG3,10,0.0,PNW
1018,ENCOGEN_CTG3,11,0.0,PNW
1019,ENCOGEN_CTG3,12,0.0,PNW
1020,ENCOGEN_CTG3,13,0.0,PNW
1021,ENCOGEN_CTG3,14,0.0,PNW
1022,ENCOGEN_CTG3,15,0.0,PNW
1023,ENCOGEN_CTG3,16,0.0,PNW
1024,ENCOGEN_CTG3,17,0.0,PNW
1025,ENCOGEN_CTG3,18,0.0,PNW
1026,ENCOGEN_CTG3,19,0.0,PNW
1027,ENCOGEN_CTG3,20,0.0,PNW
1028,ENCOGEN_CTG3,21,0.0,PNW
1029,ENCOGEN_CTG3,22,0.0,PNW
1030,ENCOGEN_CTG3,23,0.0,PNW
1031,ENCOGEN_CTG3,24,0.0,PNW
1032,COYOTE_SPRINGS_2_GEN_1,1,1.0,PNW
1033,COYOTE_SPRINGS_2_GEN_1,2,1.0,PNW
1034,COYOTE_SPRINGS_2_GEN_1,3,1.0,PNW
1035,COYOTE_SPRINGS_2_GEN_1,4,1.0,PNW
1036,COYOTE_SPRINGS_2_GEN_1,5,1.0,PNW
1037,COYOTE_SPRINGS_2_GEN_1,6,1.0,PNW
1038,COYOTE_SPRINGS_2_GEN_1,7,1.0,PNW
1039,COYOTE_SPRINGS_2_GEN_1,8,1.0,PNW
1040,COYOTE_SPRINGS_2_GEN_1,9,1.0,PNW
1041,COYOTE_SPRINGS_2_GEN_1,10,1.0,PNW
1042,COYOTE_SPRINGS_2_GEN_1,11,1.0,PNW
1043,COYOTE_SPRINGS_2_GEN_1,12,1.0,PNW
1044,COYOTE_SPRINGS_2_GEN_1,13,1.0,PNW
1045,COYOTE_SPRINGS_2_GEN_1,14,1.0,PNW
1046,COYOTE_SPRINGS_2_GEN_1,15,1.0,PNW
1047,COYOTE_SPRINGS_2_GEN_1,16,1.0,PNW
1048,COYOTE_SPRINGS_2_GEN_1,17,1.0,PNW
1049,COYOTE_SPRINGS_2_GEN_1,18,1.0,PNW
1050,COYOTE_SPRINGS_2_GEN_1,19,1.0,PNW
1051,COYOTE_SPRINGS_2_GEN_1,20,1.0,PNW
1052,COYOTE_SPRINGS_2_GEN_1,21,1.0,PNW
1053,COYOTE_SPRINGS_2_GEN_1,22,1.0,PNW
1054,COYOTE_SPRINGS_2_GEN_1,23,1.0,PNW
1055,COYOTE_SPRINGS_2_GEN_1,24,1.0,PNW
1056,KLAMATH_EXPANSION_GT2,1,0.0,PNW
1057,KLAMATH_EXPANSION_GT2,2,0.0,PNW
1058,KLAMATH_EXPANSION_GT2,3,0.0,PNW
1059,KLAMATH_EXPANSION_GT2,4,0.0,PNW
1060,KLAMATH_EXPANSION_GT2,5,0.0,PNW
1061,KLAMATH_EXPANSION_GT2,6,0.0,PNW
1062,KLAMATH_EXPANSION_GT2,7,0.0,PNW
1063,KLAMATH_EXPANSION_GT2,8,0.0,PNW
1064,KLAMATH_EXPANSION_GT2,9,0.0,PNW
1065,KLAMATH_EXPANSION_GT2,10,0.0,PNW
1066,KLAMATH_EXPANSION_GT2,11,0.0,PNW
1067,KLAMATH_EXPANSION_GT2,12,0.0,PNW
1068,KLAMATH_EXPANSION_GT2,13,0.0,PNW
1069,KLAMATH_EXPANSION_GT2,14,0.0,PNW
1070,KLAMATH_EXPANSION_GT2,15,0.0,PNW
1071,KLAMATH_EXPANSION_GT2,16,0.0,PNW
1072,KLAMATH_EXPANSION_GT2,17,0.0,PNW
1073,KLAMATH_EXPANSION_GT2,18,0.0,PNW
1074,KLAMATH_EXPANSION_GT2,19,0.0,PNW
1075,KLAMATH_EXPANSION_GT2,20,0.0,PNW
1076,KLAMATH_EXPANSION_GT2,21,0.0,PNW
1077,KLAMATH_EXPANSION_GT2,22,0.0,PNW
1078,KLAMATH_EXPANSION_GT2,23,0.0,PNW
1079,KLAMATH_EXPANSION_GT2,24,0.0,PNW
1080,MARCH_POINT_GTG3,1,1.0,PNW
1081,MARCH_POINT_GTG3,2,1.0,PNW
1082,MARCH_POINT_GTG3,3,1.0,PNW
1083,MARCH_POINT_GTG3,4,1.0,PNW
1084,MARCH_POINT_GTG3,5,1.0,PNW
1085,MARCH_POINT_GTG3,6,1.0,PNW
1086,MARCH_POINT_GTG3,7,1.0,PNW
1087,MARCH_POINT_GTG3,8,1.0,PNW
1088,MARCH_POINT_GTG3,9,1.0,PNW
1089,MARCH_POINT_GTG3,10,1.0,PNW
1090,MARCH_POINT_GTG3,11,1.0,PNW
1091,MARCH_POINT_GTG3,12,1.0,PNW
1092,MARCH_POINT_GTG3,13,1.0,PNW
1093,MARCH_POINT_GTG3,14,1.0,PNW
1094,MARCH_POINT_GTG3,15,1.0,PNW
1095,MARCH_POINT_GTG3,16,1.0,PNW
1096,MARCH_POINT_GTG3,17,1.0,PNW
1097,MARCH_POINT_GTG3,18,1.0,PNW
1098,MARCH_POINT_GTG3,19,1.0,PNW
1099,MARCH_POINT_GTG3,20,1.0,PNW
1100,MARCH_POINT_GTG3,21,1.0,PNW
1101,MARCH_POINT_GTG3,22,1.0,PNW
1102,MARCH_POINT_GTG3,23,1.0,PNW
1103,MARCH_POINT_GTG3,24,1.0,PNW
1104,HERMISTON_PWR_STG1,1,1.0,PNW
1105,HERMISTON_PWR_STG1,2,1.0,PNW
1106,HERMISTON_PWR_STG1,3,1.0,PNW
1107,HERMISTON_PWR_STG1,4,1.0,PNW
1108,HERMISTON_PWR_STG1,5,1.0,PNW
1109,HERMISTON_PWR_STG1,6,1.0,PNW
1110,HERMISTON_PWR_STG1,7,1.0,PNW
1111,HERMISTON_PWR_STG1,8,1.0,PNW
1112,HERMISTON_PWR_STG1,9,1.0,PNW
1113,HERMISTON_PWR_STG1,10,1.0,PNW
1114,HERMISTON_PWR_STG1,11,1.0,PNW
1115,HERMISTON_PWR_STG1,12,1.0,PNW
1116,HERMISTON_PWR_STG1,13,1.0,PNW
1117,HERMISTON_PWR_STG1,14,1.0,PNW
1118,HERMISTON_PWR_STG1,15,1.0,PNW
1119,HERMISTON_PWR_STG1,16,1.0,PNW
1120,HERMISTON_PWR_STG1,17,1.0,PNW
1121,HERMISTON_PWR_STG1,18,1.0,PNW
1122,HERMISTON_PWR_STG1,19,1.0,PNW
1123,HERMISTON_PWR_STG1,20,1.0,PNW
1124,HERMISTON_PWR_STG1,21,1.0,PNW
1125,HERMISTON_PWR_STG1,22,1.0,PNW
1126,HERMISTON_PWR_STG1,23,1.0,PNW
1127,HERMISTON_PWR_STG1,24,1.0,PNW
1128,SUMAS_GEN1,1,0.0,PNW
1129,SUMAS_GEN1,2,0.0,PNW
1130,SUMAS_GEN1,3,0.0,PNW
1131,SUMAS_GEN1,4,0.0,PNW
1132,SUMAS_GEN1,5,0.0,PNW
1133,SUMAS_GEN1,6,0.0,PNW
1134,SUMAS_GEN1,7,0.0,PNW
1135,SUMAS_GEN1,8,0.0,PNW
1136,SUMAS_GEN1,9,0.0,PNW
1137,SUMAS_GEN1,10,0.0,PNW
1138,SUMAS_GEN1,11,0.0,PNW
1139,SUMAS_GEN1,12,0.0,PNW
1140,SUMAS_GEN1,13,0.0,PNW
1141,SUMAS_GEN1,14,0.0,PNW
1142,SUMAS_GEN1,15,0.0,PNW
1143,SUMAS_GEN1,16,0.0,PNW
1144,SUMAS_GEN1,17,0.0,PNW
1145,SUMAS_GEN1,18,0.0,PNW
1146,SUMAS_GEN1,19,0.0,PNW
1147,SUMAS_GEN1,20,0.0,PNW
1148,SUMAS_GEN1,21,0.0,PNW
1149,SUMAS_GEN1,22,0.0,PNW
1150,SUMAS_GEN1,23,0.0,PNW
1151,SUMAS_GEN1,24,0.0,PNW
1152,GOLDENDALE_G1,1,1.0,PNW
1153,GOLDENDALE_G1,2,1.0,PNW
1154,GOLDENDALE_G1,3,1.0,PNW
1155,GOLDENDALE_G1,4,1.0,PNW
1156,GOLDENDALE_G1,5,1.0,PNW
1157,GOLDENDALE_G1,6,1.0,PNW
1158,GOLDENDALE_G1,7,1.0,PNW
1159,GOLDENDALE_G1,8,1.0,PNW
1160,GOLDENDALE_G1,9,1.0,PNW
1161,GOLDENDALE_G1,10,1.0,PNW
1162,GOLDENDALE_G1,11,1.0,PNW
1163,GOLDENDALE_G1,12,1.0,PNW
1164,GOLDENDALE_G1,13,1.0,PNW
1165,GOLDENDALE_G1,14,1.0,PNW
1166,GOLDENDALE_G1,15,1.0,PNW
1167,GOLDENDALE_G1,16,1.0,PNW
1168,GOLDENDALE_G1,17,1.0,PNW
1169,GOLDENDALE_G1,18,1.0,PNW
1170,GOLDENDALE_G1,19,1.0,PNW
1171,GOLDENDALE_G1,20,1.0,PNW
1172,GOLDENDALE_G1,21,1.0,PNW
1173,GOLDENDALE_G1,22,1.0,PNW
1174,GOLDENDALE_G1,23,1.0,PNW
1175,GOLDENDALE_G1,24,1.0,PNW
1176,PORT_WESTWARD_1_GEN_2,1,1.0,PNW
1177,PORT_WESTWARD_1_GEN_2,2,1.0,PNW
1178,PORT_WESTWARD_1_GEN_2,3,1.0,PNW
1179,PORT_WESTWARD_1_GEN_2,4,1.0,PNW
1180,PORT_WESTWARD_1_GEN_2,5,1.0,PNW
1181,PORT_WESTWARD_1_GEN_2,6,1.0,PNW
1182,PORT_WESTWARD_1_GEN_2,7,1.0,PNW
1183,PORT_WESTWARD_1_GEN_2,8,1.0,PNW
1184,PORT_WESTWARD_1_GEN_2,9,1.0,PNW
1185,PORT_WESTWARD_1_GEN_2,10,1.0,PNW
1186,PORT_WESTWARD_1_GEN_2,11,1.0,PNW
1187,PORT_WESTWARD_1_GEN_2,12,1.0,PNW
1188,PORT_WESTWARD_1_GEN_2,13,1.0,PNW
1189,PORT_WESTWARD_1_GEN_2,14,1.0,PNW
1190,PORT_WESTWARD_1_GEN_2,15,1.0,PNW
1191,PORT_WESTWARD_1_GEN_2,16,1.0,PNW
1192,PORT_WESTWARD_1_GEN_2,17,1.0,PNW
1193,PORT_WESTWARD_1_GEN_2,18,1.0,PNW
1194,PORT_WESTWARD_1_GEN_2,19,1.0,PNW
1195,PORT_WESTWARD_1_GEN_2,20,1.0,PNW
1196,PORT_WESTWARD_1_GEN_2,21,1.0,PNW
1197,PORT_WESTWARD_1_GEN_2,22,1.0,PNW
1198,PORT_WESTWARD_1_GEN_2,23,1.0,PNW
1199,PORT_WESTWARD_1_GEN_2,24,1.0,PNW
1200,NORTHEAST_1,1,0.0,PNW
1201,NORTHEAST_1,2,0.0,PNW
1202,NORTHEAST_1,3,0.0,PNW
1203,NORTHEAST_1,4,0.0,PNW
1204,NORTHEAST_1,5,0.0,PNW
1205,NORTHEAST_1,6,0.0,PNW
1206,NORTHEAST_1,7,0.0,PNW
1207,NORTHEAST_1,8,0.0,PNW
1208,NORTHEAST_1,9,0.0,PNW
1209,NORTHEAST_1,10,0.0,PNW
1210,NORTHEAST_1,11,0.0,PNW
1211,NORTHEAST_1,12,0.0,PNW
1212,NORTHEAST_1,13,0.0,PNW
1213,NORTHEAST_1,14,0.0,PNW
1214,NORTHEAST_1,15,0.0,PNW
1215,NORTHEAST_1,16,0.0,PNW
1216,NORTHEAST_1,17,0.0,PNW
1217,NORTHEAST_1,18,0.0,PNW
1218,NORTHEAST_1,19,0.0,PNW
1219,NORTHEAST_1,20,0.0,PNW
1220,NORTHEAST_1,21,0.0,PNW
1221,NORTHEAST_1,22,0.0,PNW
1222,NORTHEAST_1,23,0.0,PNW
1223,NORTHEAST_1,24,0.0,PNW
1224,BEAVER_1,1,0.0,PNW
1225,BEAVER_1,2,0.0,PNW
1226,BEAVER_1,3,0.0,PNW
1227,BEAVER_1,4,0.0,PNW
1228,BEAVER_1,5,0.0,PNW
1229,BEAVER_1,6,0.0,PNW
1230,BEAVER_1,7,0.0,PNW
1231,BEAVER_1,8,0.0,PNW
1232,BEAVER_1,9,0.0,PNW
1233,BEAVER_1,10,0.0,PNW
1234,BEAVER_1,11,0.0,PNW
1235,BEAVER_1,12,0.0,PNW
1236,BEAVER_1,13,0.0,PNW
1237,BEAVER_1,14,0.0,PNW
1238,BEAVER_1,15,0.0,PNW
1239,BEAVER_1,16,0.0,PNW
1240,BEAVER_1,17,0.0,PNW
1241,BEAVER_1,18,0.0,PNW
1242,BEAVER_1,19,0.0,PNW
1243,BEAVER_1,20,0.0,PNW
1244,BEAVER_1,21,0.0,PNW
1245,BEAVER_1,22,0.0,PNW
1246,BEAVER_1,23,0.0,PNW
1247,BEAVER_1,24,0.0,PNW
1248,KLAMATH_EXPANSION_GT3,1,0.0,PNW
1249,KLAMATH_EXPANSION_GT3,2,0.0,PNW
1250,KLAMATH_EXPANSION_GT3,3,0.0,PNW
1251,KLAMATH_EXPANSION_GT3,4,0.0,PNW
1252,KLAMATH_EXPANSION_GT3,5,0.0,PNW
1253,KLAMATH_EXPANSION_GT3,6,0.0,PNW
1254,KLAMATH_EXPANSION_GT3,7,0.0,PNW
1255,KLAMATH_EXPANSION_GT3,8,0.0,PNW
1256,KLAMATH_EXPANSION_GT3,9,0.0,PNW
1257,KLAMATH_EXPANSION_GT3,10,0.0,PNW
1258,KLAMATH_EXPANSION_GT3,11,0.0,PNW
1259,KLAMATH_EXPANSION_GT3,12,0.0,PNW
1260,KLAMATH_EXPANSION_GT3,13,0.0,PNW
1261,KLAMATH_EXPANSION_GT3,14,0.0,PNW
1262,KLAMATH_EXPANSION_GT3,15,0.0,PNW
1263,KLAMATH_EXPANSION_GT3,16,0.0,PNW
1264,KLAMATH_EXPANSION_GT3,17,0.0,PNW
1265,KLAMATH_EXPANSION_GT3,18,0.0,PNW
1266,KLAMATH_EXPANSION_GT3,19,0.0,PNW
1267,KLAMATH_EXPANSION_GT3,20,0.0,PNW
1268,KLAMATH_EXPANSION_GT3,21,0.0,PNW
1269,KLAMATH_EXPANSION_GT3,22,0.0,PNW
1270,KLAMATH_EXPANSION_GT3,23,0.0,PNW
1271,KLAMATH_EXPANSION_GT3,24,0.0,PNW
1272,GRIMES_WAY_3,1,0.0,PNW
1273,GRIMES_WAY_3,2,0.0,PNW
1274,GRIMES_WAY_3,3,0.0,PNW
1275,GRIMES_WAY_3,4,0.0,PNW
1276,GRIMES_WAY_3,5,0.0,PNW
1277,GRIMES_WAY_3,6,0.0,PNW
1278,GRIMES_WAY_3,7,0.0,PNW
1279,GRIMES_WAY_3,8,0.0,PNW
1280,GRIMES_WAY_3,9,0.0,PNW
1281,GRIMES_WAY_3,10,0.0,PNW
1282,GRIMES_WAY_3,11,0.0,PNW
1283,GRIMES_WAY_3,12,0.0,PNW
1284,GRIMES_WAY_3,13,0.0,PNW
1285,GRIMES_WAY_3,14,0.0,PNW
1286,GRIMES_WAY_3,15,0.0,PNW
1287,GRIMES_WAY_3,16,0.0,PNW
1288,GRIMES_WAY_3,17,0.0,PNW
1289,GRIMES_WAY_3,18,0.0,PNW
1290,GRIMES_WAY_3,19,0.0,PNW
1291,GRIMES_WAY_3,20,0.0,PNW
1292,GRIMES_WAY_3,21,0.0,PNW
1293,GRIMES_WAY_3,22,0.0,PNW
1294,GRIMES_WAY_3,23,0.0,PNW
1295,GRIMES_WAY_3,24,0.0,PNW
1296,MINT_FARM_CTG1,1,1.0,PNW
1297,MINT_FARM_CTG1,2,1.0,PNW
1298,MINT_FARM_CTG1,3,1.0,PNW
1299,MINT_FARM_CTG1,4,1.0,PNW
1300,MINT_FARM_CTG1,5,1.0,PNW
1301,MINT_FARM_CTG1,6,1.0,PNW
1302,MINT_FARM_CTG1,7,1.0,PNW
1303,MINT_FARM_CTG1,8,1.0,PNW
1304,MINT_FARM_CTG1,9,1.0,PNW
1305,MINT_FARM_CTG1,10,1.0,PNW
1306,MINT_FARM_CTG1,11,1.0,PNW
1307,MINT_FARM_CTG1,12,1.0,PNW
1308,MINT_FARM_CTG1,13,1.0,PNW
1309,MINT_FARM_CTG1,14,1.0,PNW
1310,MINT_FARM_CTG1,15,1.0,PNW
1311,MINT_FARM_CTG1,16,1.0,PNW
1312,MINT_FARM_CTG1,17,1.0,PNW
1313,MINT_FARM_CTG1,18,1.0,PNW
1314,MINT_FARM_CTG1,19,1.0,PNW
1315,MINT_FARM_CTG1,20,1.0,PNW
1316,MINT_FARM_CTG1,21,1.0,PNW
1317,MINT_FARM_CTG1,22,1.0,PNW
1318,MINT_FARM_CTG1,23,1.0,PNW
1319,MINT_FARM_CTG1,24,1.0,PNW
1320,PNWH,1,1.0,PNW
1321,PNWH,2,1.0,PNW
1322,PNWH,3,1.0,PNW
1323,PNWH,4,1.0,PNW
1324,PNWH,5,1.0,PNW
1325,PNWH,6,1.0,PNW
1326,PNWH,7,1.0,PNW
1327,PNWH,8,1.0,PNW
1328,PNWH,9,1.0,PNW
1329,PNWH,10,1.0,PNW
1330,PNWH,11,1.0,PNW
1331,PNWH,12,1.0,PNW
1332,PNWH,13,1.0,PNW
1333,PNWH,14,1.0,PNW
1334,PNWH,15,1.0,PNW
1335,PNWH,16,1.0,PNW
1336,PNWH,17,1.0,PNW
1337,PNWH,18,1.0,PNW
1338,PNWH,19,1.0,PNW
1339,PNWH,20,1.0,PNW
1340,PNWH,21,1.0,PNW
1341,PNWH,22,1.0,PNW
1342,PNWH,23,1.0,PNW
1343,PNWH,24,1.0,PNW
1344,BOULDER_PARK_6,1,0.0,PNW
1345,BOULDER_PARK_6,2,0.0,PNW
1346,BOULDER_PARK_6,3,0.0,PNW
1347,BOULDER_PARK_6,4,0.0,PNW
1348,BOULDER_PARK_6,5,0.0,PNW
1349,BOULDER_PARK_6,6,0.0,PNW
1350,BOULDER_PARK_6,7,0.0,PNW
1351,BOULDER_PARK_6,8,0.0,PNW
1352,BOULDER_PARK_6,9,0.0,PNW
1353,BOULDER_PARK_6,10,0.0,PNW
1354,BOULDER_PARK_6,11,0.0,PNW
1355,BOULDER_PARK_6,12,0.0,PNW
1356,BOULDER_PARK_6,13,0.0,PNW
1357,BOULDER_PARK_6,14,0.0,PNW
1358,BOULDER_PARK_6,15,0.0,PNW
1359,BOULDER_PARK_6,16,0.0,PNW
1360,BOULDER_PARK_6,17,0.0,PNW
1361,BOULDER_PARK_6,18,0.0,PNW
1362,BOULDER_PARK_6,19,0.0,PNW
1363,BOULDER_PARK_6,20,0.0,PNW
1364,BOULDER_PARK_6,21,0.0,PNW
1365,BOULDER_PARK_6,22,0.0,PNW
1366,BOULDER_PARK_6,23,0.0,PNW
1367,BOULDER_PARK_6,24,0.0,PNW
1368,ENCOGEN_STG,1,0.0,PNW
1369,ENCOGEN_STG,2,0.0,PNW
1370,ENCOGEN_STG,3,0.0,PNW
1371,ENCOGEN_STG,4,0.0,PNW
1372,ENCOGEN_STG,5,0.0,PNW
1373,ENCOGEN_STG,6,0.0,PNW
1374,ENCOGEN_STG,7,0.0,PNW
1375,ENCOGEN_STG,8,0.0,PNW
1376,ENCOGEN_STG,9,0.0,PNW
1377,ENCOGEN_STG,10,0.0,PNW
1378,ENCOGEN_STG,11,0.0,PNW
1379,ENCOGEN_STG,12,0.0,PNW
1380,ENCOGEN_STG,13,0.0,PNW
1381,ENCOGEN_STG,14,0.0,PNW
1382,ENCOGEN_STG,15,0.0,PNW
1383,ENCOGEN_STG,16,0.0,PNW
1384,ENCOGEN_STG,17,0.0,PNW
1385,ENCOGEN_STG,18,0.0,PNW
1386,ENCOGEN_STG,19,0.0,PNW
1387,ENCOGEN_STG,20,0.0,PNW
1388,ENCOGEN_STG,21,0.0,PNW
1389,ENCOGEN_STG,22,0.0,PNW
1390,ENCOGEN_STG,23,0.0,PNW
1391,ENCOGEN_STG,24,0.0,PNW
1392,MINT_FARM_1STG,1,1.0,PNW
1393,MINT_FARM_1STG,2,1.0,PNW
1394,MINT_FARM_1STG,3,1.0,PNW
1395,MINT_FARM_1STG,4,1.0,PNW
1396,MINT_FARM_1STG,5,1.0,PNW
1397,MINT_FARM_1STG,6,1.0,PNW
1398,MINT_FARM_1STG,7,1.0,PNW
1399,MINT_FARM_1STG,8,1.0,PNW
1400,MINT_FARM_1STG,9,1.0,PNW
1401,MINT_FARM_1STG,10,1.0,PNW
1402,MINT_FARM_1STG,11,1.0,PNW
1403,MINT_FARM_1STG,12,1.0,PNW
1404,MINT_FARM_1STG,13,1.0,PNW
1405,MINT_FARM_1STG,14,1.0,PNW
1406,MINT_FARM_1STG,15,1.0,PNW
1407,MINT_FARM_1STG,16,1.0,PNW
1408,MINT_FARM_1STG,17,1.0,PNW
1409,MINT_FARM_1STG,18,1.0,PNW
1410,MINT_FARM_1STG,19,1.0,PNW
1411,MINT_FARM_1STG,20,1.0,PNW
1412,MINT_FARM_1STG,21,1.0,PNW
1413,MINT_FARM_1STG,22,1.0,PNW
1414,MINT_FARM_1STG,23,1.0,PNW
1415,MINT_FARM_1STG,24,1.0,PNW
1416,FREDONIA_4,1,1.0,PNW
1417,FREDONIA_4,2,1.0,PNW
1418,FREDONIA_4,3,1.0,PNW
1419,FREDONIA_4,4,1.0,PNW
1420,FREDONIA_4,5,1.0,PNW
1421,FREDONIA_4,6,1.0,PNW
1422,FREDONIA_4,7,1.0,PNW
1423,FREDONIA_4,8,1.0,PNW
1424,FREDONIA_4,9,1.0,PNW
1425,FREDONIA_4,10,1.0,PNW
1426,FREDONIA_4,11,1.0,PNW
1427,FREDONIA_4,12,1.0,PNW
1428,FREDONIA_4,13,1.0,PNW
1429,FREDONIA_4,14,1.0,PNW
1430,FREDONIA_4,15,1.0,PNW
1431,FREDONIA_4,16,1.0,PNW
1432,FREDONIA_4,17,1.0,PNW
1433,FREDONIA_4,18,1.0,PNW
1434,FREDONIA_4,19,1.0,PNW
1435,FREDONIA_4,20,1.0,PNW
1436,FREDONIA_4,21,1.0,PNW
1437,FREDONIA_4,22,1.0,PNW
1438,FREDONIA_4,23,1.0,PNW
1439,FREDONIA_4,24,1.0,PNW
1440,FREDERICKSON_2,1,0.0,PNW
1441,FREDERICKSON_2,2,0.0,PNW
1442,FREDERICKSON_2,3,0.0,PNW
1443,FREDERICKSON_2,4,0.0,PNW
1444,FREDERICKSON_2,5,0.0,PNW
1445,FREDERICKSON_2,6,0.0,PNW
1446,FREDERICKSON_2,7,0.0,PNW
1447,FREDERICKSON_2,8,0.0,PNW
1448,FREDERICKSON_2,9,0.0,PNW
1449,FREDERICKSON_2,10,0.0,PNW
1450,FREDERICKSON_2,11,0.0,PNW
1451,FREDERICKSON_2,12,0.0,PNW
1452,FREDERICKSON_2,13,0.0,PNW
1453,FREDERICKSON_2,14,0.0,PNW
1454,FREDERICKSON_2,15,0.0,PNW
1455,FREDERICKSON_2,16,0.0,PNW
1456,FREDERICKSON_2,17,0.0,PNW
1457,FREDERICKSON_2,18,0.0,PNW
1458,FREDERICKSON_2,19,0.0,PNW
1459,FREDERICKSON_2,20,0.0,PNW
1460,FREDERICKSON_2,21,0.0,PNW
1461,FREDERICKSON_2,22,0.0,PNW
1462,FREDERICKSON_2,23,0.0,PNW
1463,FREDERICKSON_2,24,0.0,PNW
1464,HERMISTON_4,1,1.0,PNW
1465,HERMISTON_4,2,1.0,PNW
1466,HERMISTON_4,3,1.0,PNW
1467,HERMISTON_4,4,1.0,PNW
1468,HERMISTON_4,5,1.0,PNW
1469,HERMISTON_4,6,1.0,PNW
1470,HERMISTON_4,7,1.0,PNW
1471,HERMISTON_4,8,1.0,PNW
1472,HERMISTON_4,9,1.0,PNW
1473,HERMISTON_4,10,1.0,PNW
1474,HERMISTON_4,11,1.0,PNW
1475,HERMISTON_4,12,1.0,PNW
1476,HERMISTON_4,13,1.0,PNW
1477,HERMISTON_4,14,1.0,PNW
1478,HERMISTON_4,15,1.0,PNW
1479,HERMISTON_4,16,1.0,PNW
1480,HERMISTON_4,17,1.0,PNW
1481,HERMISTON_4,18,1.0,PNW
1482,HERMISTON_4,19,1.0,PNW
1483,HERMISTON_4,20,1.0,PNW
1484,HERMISTON_4,21,1.0,PNW
1485,HERMISTON_4,22,1.0,PNW
1486,HERMISTON_4,23,1.0,PNW
1487,HERMISTON_4,24,1.0,PNW
1488,BIOTECH_LS_BLS1,1,0.0,PNW
1489,BIOTECH_LS_BLS1,2,0.0,PNW
1490,BIOTECH_LS_BLS1,3,0.0,PNW
1491,BIOTECH_LS_BLS1,4,0.0,PNW
1492,BIOTECH_LS_BLS1,5,0.0,PNW
1493,BIOTECH_LS_BLS1,6,0.0,PNW
1494,BIOTECH_LS_BLS1,7,0.0,PNW
1495,BIOTECH_LS_BLS1,8,0.0,PNW
1496,BIOTECH_LS_BLS1,9,0.0,PNW
1497,BIOTECH_LS_BLS1,10,0.0,PNW
1498,BIOTECH_LS_BLS1,11,0.0,PNW
1499,BIOTECH_LS_BLS1,12,0.0,PNW
1500,BIOTECH_LS_BLS1,13,0.0,PNW
1501,BIOTECH_LS_BLS1,14,0.0,PNW
1502,BIOTECH_LS_BLS1,15,0.0,PNW
1503,BIOTECH_LS_BLS1,16,0.0,PNW
1504,BIOTECH_LS_BLS1,17,0.0,PNW
1505,BIOTECH_LS_BLS1,18,0.0,PNW
1506,BIOTECH_LS_BLS1,19,0.0,PNW
1507,BIOTECH_LS_BLS1,20,0.0,PNW
1508,BIOTECH_LS_BLS1,21,0.0,PNW
1509,BIOTECH_LS_BLS1,22,0.0,PNW
1510,BIOTECH_LS_BLS1,23,0.0,PNW
1511,BIOTECH_LS_BLS1,24,0.0,PNW
1512,GRAYS_HARBOR_CT2,1,1.0,PNW
1513,GRAYS_HARBOR_CT2,2,1.0,PNW
1514,GRAYS_HARBOR_CT2,3,1.0,PNW
1515,GRAYS_HARBOR_CT2,4,1.0,PNW
1516,GRAYS_HARBOR_CT2,5,1.0,PNW
1517,GRAYS_HARBOR_CT2,6,1.0,PNW
1518,GRAYS_HARBOR_CT2,7,1.0,PNW
1519,GRAYS_HARBOR_CT2,8,1.0,PNW
1520,GRAYS_HARBOR_CT2,9,1.0,PNW
1521,GRAYS_HARBOR_CT2,10,1.0,PNW
1522,GRAYS_HARBOR_CT2,11,1.0,PNW
1523,GRAYS_HARBOR_CT2,12,1.0,PNW
1524,GRAYS_HARBOR_CT2,13,1.0,PNW
1525,GRAYS_HARBOR_CT2,14,1.0,PNW
1526,GRAYS_HARBOR_CT2,15,1.0,PNW
1527,GRAYS_HARBOR_CT2,16,1.0,PNW
1528,GRAYS_HARBOR_CT2,17,1.0,PNW
1529,GRAYS_HARBOR_CT2,18,1.0,PNW
1530,GRAYS_HARBOR_CT2,19,1.0,PNW
1531,GRAYS_HARBOR_CT2,20,1.0,PNW
1532,GRAYS_HARBOR_CT2,21,1.0,PNW
1533,GRAYS_HARBOR_CT2,22,1.0,PNW
1534,GRAYS_HARBOR_CT2,23,1.0,PNW
1535,GRAYS_HARBOR_CT2,24,1.0,PNW
1536,HERMISTON_PWR_CTG2,1,1.0,PNW
1537,HERMISTON_PWR_CTG2,2,1.0,PNW
1538,HERMISTON_PWR_CTG2,3,1.0,PNW
1539,HERMISTON_PWR_CTG2,4,1.0,PNW
1540,HERMISTON_PWR_CTG2,5,1.0,PNW
1541,HERMISTON_PWR_CTG2,6,1.0,PNW
1542,HERMISTON_PWR_CTG2,7,1.0,PNW
1543,HERMISTON_PWR_CTG2,8,1.0,PNW
1544,HERMISTON_PWR_CTG2,9,1.0,PNW
1545,HERMISTON_PWR_CTG2,10,1.0,PNW
1546,HERMISTON_PWR_CTG2,11,1.0,PNW
1547,HERMISTON_PWR_CTG2,12,1.0,PNW
1548,HERMISTON_PWR_CTG2,13,1.0,PNW
1549,HERMISTON_PWR_CTG2,14,1.0,PNW
1550,HERMISTON_PWR_CTG2,15,1.0,PNW
1551,HERMISTON_PWR_CTG2,16,1.0,PNW
1552,HERMISTON_PWR_CTG2,17,1.0,PNW
1553,HERMISTON_PWR_CTG2,18,1.0,PNW
1554,HERMISTON_PWR_CTG2,19,1.0,PNW
1555,HERMISTON_PWR_CTG2,20,1.0,PNW
1556,HERMISTON_PWR_CTG2,21,1.0,PNW
1557,HERMISTON_PWR_CTG2,22,1.0,PNW
1558,HERMISTON_PWR_CTG2,23,1.0,PNW
1559,HERMISTON_PWR_CTG2,24,1.0,PNW
1560,FERNDALE_ST1,1,1.0,PNW
1561,FERNDALE_ST1,2,1.0,PNW
1562,FERNDALE_ST1,3,1.0,PNW
1563,FERNDALE_ST1,4,1.0,PNW
1564,FERNDALE_ST1,5,1.0,PNW
1565,FERNDALE_ST1,6,1.0,PNW
1566,FERNDALE_ST1,7,1.0,PNW
1567,FERNDALE_ST1,8,1.0,PNW
1568,FERNDALE_ST1,9,1.0,PNW
1569,FERNDALE_ST1,10,1.0,PNW
1570,FERNDALE_ST1,11,1.0,PNW
1571,FERNDALE_ST1,12,1.0,PNW
1572,FERNDALE_ST1,13,1.0,PNW
1573,FERNDALE_ST1,14,1.0,PNW
1574,FERNDALE_ST1,15,1.0,PNW
1575,FERNDALE_ST1,16,1.0,PNW
1576,FERNDALE_ST1,17,1.0,PNW
1577,FERNDALE_ST1,18,1.0,PNW
1578,FERNDALE_ST1,19,1.0,PNW
1579,FERNDALE_ST1,20,1.0,PNW
1580,FERNDALE_ST1,21,1.0,PNW
1581,FERNDALE_ST1,22,1.0,PNW
1582,FERNDALE_ST1,23,1.0,PNW
1583,FERNDALE_ST1,24,1.0,PNW
1584,KLAMATH_COGEN_CT2,1,1.0,PNW
1585,KLAMATH_COGEN_CT2,2,1.0,PNW
1586,KLAMATH_COGEN_CT2,3,1.0,PNW
1587,KLAMATH_COGEN_CT2,4,1.0,PNW
1588,KLAMATH_COGEN_CT2,5,1.0,PNW
1589,KLAMATH_COGEN_CT2,6,1.0,PNW
1590,KLAMATH_COGEN_CT2,7,1.0,PNW
1591,KLAMATH_COGEN_CT2,8,1.0,PNW
1592,KLAMATH_COGEN_CT2,9,1.0,PNW
1593,KLAMATH_COGEN_CT2,10,1.0,PNW
1594,KLAMATH_COGEN_CT2,11,1.0,PNW
1595,KLAMATH_COGEN_CT2,12,1.0,PNW
1596,KLAMATH_COGEN_CT2,13,1.0,PNW
1597,KLAMATH_COGEN_CT2,14,1.0,PNW
1598,KLAMATH_COGEN_CT2,15,1.0,PNW
1599,KLAMATH_COGEN_CT2,16,1.0,PNW
1600,KLAMATH_COGEN_CT2,17,1.0,PNW
1601,KLAMATH_COGEN_CT2,18,1.0,PNW
1602,KLAMATH_COGEN_CT2,19,1.0,PNW
1603,KLAMATH_COGEN_CT2,20,1.0,PNW
1604,KLAMATH_COGEN_CT2,21,1.0,PNW
1605,KLAMATH_COGEN_CT2,22,1.0,PNW
1606,KLAMATH_COGEN_CT2,23,1.0,PNW
1607,KLAMATH_COGEN_CT2,24,1.0,PNW
1608,ALDEN_BAILEY_LOKI,1,1.0,PNW
1609,ALDEN_BAILEY_LOKI,2,1.0,PNW
1610,ALDEN_BAILEY_LOKI,3,1.0,PNW
1611,ALDEN_BAILEY_LOKI,4,1.0,PNW
1612,ALDEN_BAILEY_LOKI,5,1.0,PNW
1613,ALDEN_BAILEY_LOKI,6,1.0,PNW
1614,ALDEN_BAILEY_LOKI,7,1.0,PNW
1615,ALDEN_BAILEY_LOKI,8,1.0,PNW
1616,ALDEN_BAILEY_LOKI,9,1.0,PNW
1617,ALDEN_BAILEY_LOKI,10,1.0,PNW
1618,ALDEN_BAILEY_LOKI,11,1.0,PNW
1619,ALDEN_BAILEY_LOKI,12,1.0,PNW
1620,ALDEN_BAILEY_LOKI,13,1.0,PNW
1621,ALDEN_BAILEY_LOKI,14,1.0,PNW
1622,ALDEN_BAILEY_LOKI,15,1.0,PNW
1623,ALDEN_BAILEY_LOKI,16,1.0,PNW
1624,ALDEN_BAILEY_LOKI,17,1.0,PNW
1625,ALDEN_BAILEY_LOKI,18,1.0,PNW
1626,ALDEN_BAILEY_LOKI,19,1.0,PNW
1627,ALDEN_BAILEY_LOKI,20,1.0,PNW
1628,ALDEN_BAILEY_LOKI,21,1.0,PNW
1629,ALDEN_BAILEY_LOKI,22,1.0,PNW
1630,ALDEN_BAILEY_LOKI,23,1.0,PNW
1631,ALDEN_BAILEY_LOKI,24,1.0,PNW
1632,WHITEHORN_2,1,0.0,PNW
1633,WHITEHORN_2,2,0.0,PNW
1634,WHITEHORN_2,3,0.0,PNW
1635,WHITEHORN_2,4,0.0,PNW
1636,WHITEHORN_2,5,0.0,PNW
1637,WHITEHORN_2,6,0.0,PNW
1638,WHITEHORN_2,7,0.0,PNW
1639,WHITEHORN_2,8,0.0,PNW
1640,WHITEHORN_2,9,0.0,PNW
1641,WHITEHORN_2,10,0.0,PNW
1642,WHITEHORN_2,11,0.0,PNW
1643,WHITEHORN_2,12,0.0,PNW
1644,WHITEHORN_2,13,0.0,PNW
1645,WHITEHORN_2,14,0.0,PNW
1646,WHITEHORN_2,15,0.0,PNW
1647,WHITEHORN_2,16,0.0,PNW
1648,WHITEHORN_2,17,0.0,PNW
1649,WHITEHORN_2,18,0.0,PNW
1650,WHITEHORN_2,19,0.0,PNW
1651,WHITEHORN_2,20,0.0,PNW
1652,WHITEHORN_2,21,0.0,PNW
1653,WHITEHORN_2,22,0.0,PNW
1654,WHITEHORN_2,23,0.0,PNW
1655,WHITEHORN_2,24,0.0,PNW
1656,GRIMES_WAY_2,1,0.0,PNW
1657,GRIMES_WAY_2,2,0.0,PNW
1658,GRIMES_WAY_2,3,0.0,PNW
1659,GRIMES_WAY_2,4,0.0,PNW
1660,GRIMES_WAY_2,5,0.0,PNW
1661,GRIMES_WAY_2,6,0.0,PNW
1662,GRIMES_WAY_2,7,0.0,PNW
1663,GRIMES_WAY_2,8,0.0,PNW
1664,GRIMES_WAY_2,9,0.0,PNW
1665,GRIMES_WAY_2,10,0.0,PNW
1666,GRIMES_WAY_2,11,0.0,PNW
1667,GRIMES_WAY_2,12,0.0,PNW
1668,GRIMES_WAY_2,13,0.0,PNW
1669,GRIMES_WAY_2,14,0.0,PNW
1670,GRIMES_WAY_2,15,0.0,PNW
1671,GRIMES_WAY_2,16,0.0,PNW
1672,GRIMES_WAY_2,17,0.0,PNW
1673,GRIMES_WAY_2,18,0.0,PNW
1674,GRIMES_WAY_2,19,0.0,PNW
1675,GRIMES_WAY_2,20,0.0,PNW
1676,GRIMES_WAY_2,21,0.0,PNW
1677,GRIMES_WAY_2,22,0.0,PNW
1678,GRIMES_WAY_2,23,0.0,PNW
1679,GRIMES_WAY_2,24,0.0,PNW
1680,MARCH_POINT_GTG2,1,1.0,PNW
1681,MARCH_POINT_GTG2,2,1.0,PNW
1682,MARCH_POINT_GTG2,3,1.0,PNW
1683,MARCH_POINT_GTG2,4,1.0,PNW
1684,MARCH_POINT_GTG2,5,1.0,PNW
1685,MARCH_POINT_GTG2,6,1.0,PNW
1686,MARCH_POINT_GTG2,7,1.0,PNW
1687,MARCH_POINT_GTG2,8,1.0,PNW
1688,MARCH_POINT_GTG2,9,1.0,PNW
1689,MARCH_POINT_GTG2,10,1.0,PNW
1690,MARCH_POINT_GTG2,11,1.0,PNW
1691,MARCH_POINT_GTG2,12,1.0,PNW
1692,MARCH_POINT_GTG2,13,1.0,PNW
1693,MARCH_POINT_GTG2,14,1.0,PNW
1694,MARCH_POINT_GTG2,15,1.0,PNW
1695,MARCH_POINT_GTG2,16,1.0,PNW
1696,MARCH_POINT_GTG2,17,1.0,PNW
1697,MARCH_POINT_GTG2,18,1.0,PNW
1698,MARCH_POINT_GTG2,19,1.0,PNW
1699,MARCH_POINT_GTG2,20,1.0,PNW
1700,MARCH_POINT_GTG2,21,1.0,PNW
1701,MARCH_POINT_GTG2,22,1.0,PNW
1702,MARCH_POINT_GTG2,23,1.0,PNW
1703,MARCH_POINT_GTG2,24,1.0,PNW
1704,COYOTE_SPRINGS_2_GEN_2,1,1.0,PNW
1705,COYOTE_SPRINGS_2_GEN_2,2,1.0,PNW
1706,COYOTE_SPRINGS_2_GEN_2,3,1.0,PNW
1707,COYOTE_SPRINGS_2_GEN_2,4,1.0,PNW
1708,COYOTE_SPRINGS_2_GEN_2,5,1.0,PNW
1709,COYOTE_SPRINGS_2_GEN_2,6,1.0,PNW
1710,COYOTE_SPRINGS_2_GEN_2,7,1.0,PNW
1711,COYOTE_SPRINGS_2_GEN_2,8,1.0,PNW
1712,COYOTE_SPRINGS_2_GEN_2,9,1.0,PNW
1713,COYOTE_SPRINGS_2_GEN_2,10,1.0,PNW
1714,COYOTE_SPRINGS_2_GEN_2,11,1.0,PNW
1715,COYOTE_SPRINGS_2_GEN_2,12,1.0,PNW
1716,COYOTE_SPRINGS_2_GEN_2,13,1.0,PNW
1717,COYOTE_SPRINGS_2_GEN_2,14,1.0,PNW
1718,COYOTE_SPRINGS_2_GEN_2,15,1.0,PNW
1719,COYOTE_SPRINGS_2_GEN_2,16,1.0,PNW
1720,COYOTE_SPRINGS_2_GEN_2,17,1.0,PNW
1721,COYOTE_SPRINGS_2_GEN_2,18,1.0,PNW
1722,COYOTE_SPRINGS_2_GEN_2,19,1.0,PNW
1723,COYOTE_SPRINGS_2_GEN_2,20,1.0,PNW
1724,COYOTE_SPRINGS_2_GEN_2,21,1.0,PNW
1725,COYOTE_SPRINGS_2_GEN_2,22,1.0,PNW
1726,COYOTE_SPRINGS_2_GEN_2,23,1.0,PNW
1727,COYOTE_SPRINGS_2_GEN_2,24,1.0,PNW
1728,GRIMES_WAY_1,1,0.0,PNW
1729,GRIMES_WAY_1,2,0.0,PNW
1730,GRIMES_WAY_1,3,0.0,PNW
1731,GRIMES_WAY_1,4,0.0,PNW
1732,GRIMES_WAY_1,5,0.0,PNW
1733,GRIMES_WAY_1,6,0.0,PNW
1734,GRIMES_WAY_1,7,0.0,PNW
1735,GRIMES_WAY_1,8,0.0,PNW
1736,GRIMES_WAY_1,9,0.0,PNW
1737,GRIMES_WAY_1,10,0.0,PNW
1738,GRIMES_WAY_1,11,0.0,PNW
1739,GRIMES_WAY_1,12,0.0,PNW
1740,GRIMES_WAY_1,13,0.0,PNW
1741,GRIMES_WAY_1,14,0.0,PNW
1742,GRIMES_WAY_1,15,0.0,PNW
1743,GRIMES_WAY_1,16,0.0,PNW
1744,GRIMES_WAY_1,17,0.0,PNW
1745,GRIMES_WAY_1,18,0.0,PNW
1746,GRIMES_WAY_1,19,0.0,PNW
1747,GRIMES_WAY_1,20,0.0,PNW
1748,GRIMES_WAY_1,21,0.0,PNW
1749,GRIMES_WAY_1,22,0.0,PNW
1750,GRIMES_WAY_1,23,0.0,PNW
1751,GRIMES_WAY_1,24,0.0,PNW
1752,BOULDER_PARK_2,1,0.0,PNW
1753,BOULDER_PARK_2,2,0.0,PNW
1754,BOULDER_PARK_2,3,0.0,PNW
1755,BOULDER_PARK_2,4,0.0,PNW
1756,BOULDER_PARK_2,5,0.0,PNW
1757,BOULDER_PARK_2,6,0.0,PNW
1758,BOULDER_PARK_2,7,0.0,PNW
1759,BOULDER_PARK_2,8,0.0,PNW
1760,BOULDER_PARK_2,9,0.0,PNW
1761,BOULDER_PARK_2,10,0.0,PNW
1762,BOULDER_PARK_2,11,0.0,PNW
1763,BOULDER_PARK_2,12,0.0,PNW
1764,BOULDER_PARK_2,13,0.0,PNW
1765,BOULDER_PARK_2,14,0.0,PNW
1766,BOULDER_PARK_2,15,0.0,PNW
1767,BOULDER_PARK_2,16,0.0,PNW
1768,BOULDER_PARK_2,17,0.0,PNW
1769,BOULDER_PARK_2,18,0.0,PNW
1770,BOULDER_PARK_2,19,0.0,PNW
1771,BOULDER_PARK_2,20,0.0,PNW
1772,BOULDER_PARK_2,21,0.0,PNW
1773,BOULDER_PARK_2,22,0.0,PNW
1774,BOULDER_PARK_2,23,0.0,PNW
1775,BOULDER_PARK_2,24,0.0,PNW
1776,MARCH_POINT_GTG1,1,1.0,PNW
1777,MARCH_POINT_GTG1,2,1.0,PNW
1778,MARCH_POINT_GTG1,3,1.0,PNW
1779,MARCH_POINT_GTG1,4,1.0,PNW
1780,MARCH_POINT_GTG1,5,1.0,PNW
1781,MARCH_POINT_GTG1,6,1.0,PNW
1782,MARCH_POINT_GTG1,7,1.0,PNW
1783,MARCH_POINT_GTG1,8,1.0,PNW
1784,MARCH_POINT_GTG1,9,1.0,PNW
1785,MARCH_POINT_GTG1,10,1.0,PNW
1786,MARCH_POINT_GTG1,11,1.0,PNW
1787,MARCH_POINT_GTG1,12,1.0,PNW
1788,MARCH_POINT_GTG1,13,1.0,PNW
1789,MARCH_POINT_GTG1,14,1.0,PNW
1790,MARCH_POINT_GTG1,15,1.0,PNW
1791,MARCH_POINT_GTG1,16,1.0,PNW
1792,MARCH_POINT_GTG1,17,1.0,PNW
1793,MARCH_POINT_GTG1,18,1.0,PNW
1794,MARCH_POINT_GTG1,19,1.0,PNW
1795,MARCH_POINT_GTG1,20,1.0,PNW
1796,MARCH_POINT_GTG1,21,1.0,PNW
1797,MARCH_POINT_GTG1,22,1.0,PNW
1798,MARCH_POINT_GTG1,23,1.0,PNW
1799,MARCH_POINT_GTG1,24,1.0,PNW
1800,FREDERICKSON_PWR_FIST,1,1.0,PNW
1801,FREDERICKSON_PWR_FIST,2,1.0,PNW
1802,FREDERICKSON_PWR_FIST,3,1.0,PNW
1803,FREDERICKSON_PWR_FIST,4,1.0,PNW
1804,FREDERICKSON_PWR_FIST,5,1.0,PNW
1805,FREDERICKSON_PWR_FIST,6,1.0,PNW
1806,FREDERICKSON_PWR_FIST,7,1.0,PNW
1807,FREDERICKSON_PWR_FIST,8,1.0,PNW
1808,FREDERICKSON_PWR_FIST,9,1.0,PNW
1809,FREDERICKSON_PWR_FIST,10,1.0,PNW
1810,FREDERICKSON_PWR_FIST,11,1.0,PNW
1811,FREDERICKSON_PWR_FIST,12,1.0,PNW
1812,FREDERICKSON_PWR_FIST,13,1.0,PNW
1813,FREDERICKSON_PWR_FIST,14,1.0,PNW
1814,FREDERICKSON_PWR_FIST,15,1.0,PNW
1815,FREDERICKSON_PWR_FIST,16,1.0,PNW
1816,FREDERICKSON_PWR_FIST,17,1.0,PNW
1817,FREDERICKSON_PWR_FIST,18,1.0,PNW
1818,FREDERICKSON_PWR_FIST,19,1.0,PNW
1819,FREDERICKSON_PWR_FIST,20,1.0,PNW
1820,FREDERICKSON_PWR_FIST,21,1.0,PNW
1821,FREDERICKSON_PWR_FIST,22,1.0,PNW
1822,FREDERICKSON_PWR_FIST,23,1.0,PNW
1823,FREDERICKSON_PWR_FIST,24,1.0,PNW
1824,COLUMBIA_2,1,1.0,PNW
1825,COLUMBIA_2,2,1.0,PNW
1826,COLUMBIA_2,3,1.0,PNW
1827,COLUMBIA_2,4,1.0,PNW
1828,COLUMBIA_2,5,1.0,PNW
1829,COLUMBIA_2,6,1.0,PNW
1830,COLUMBIA_2,7,1.0,PNW
1831,COLUMBIA_2,8,1.0,PNW
1832,COLUMBIA_2,9,1.0,PNW
1833,COLUMBIA_2,10,1.0,PNW
1834,COLUMBIA_2,11,1.0,PNW
1835,COLUMBIA_2,12,1.0,PNW
1836,COLUMBIA_2,13,1.0,PNW
1837,COLUMBIA_2,14,1.0,PNW
1838,COLUMBIA_2,15,1.0,PNW
1839,COLUMBIA_2,16,1.0,PNW
1840,COLUMBIA_2,17,1.0,PNW
1841,COLUMBIA_2,18,1.0,PNW
1842,COLUMBIA_2,19,1.0,PNW
1843,COLUMBIA_2,20,1.0,PNW
1844,COLUMBIA_2,21,1.0,PNW
1845,COLUMBIA_2,22,1.0,PNW
1846,COLUMBIA_2,23,1.0,PNW
1847,COLUMBIA_2,24,1.0,PNW
1848,BEAVER_8,1,0.0,PNW
1849,BEAVER_8,2,0.0,PNW
1850,BEAVER_8,3,0.0,PNW
1851,BEAVER_8,4,0.0,PNW
1852,BEAVER_8,5,0.0,PNW
1853,BEAVER_8,6,0.0,PNW
1854,BEAVER_8,7,0.0,PNW
1855,BEAVER_8,8,0.0,PNW
1856,BEAVER_8,9,0.0,PNW
1857,BEAVER_8,10,0.0,PNW
1858,BEAVER_8,11,0.0,PNW
1859,BEAVER_8,12,0.0,PNW
1860,BEAVER_8,13,0.0,PNW
1861,BEAVER_8,14,0.0,PNW
1862,BEAVER_8,15,0.0,PNW
1863,BEAVER_8,16,0.0,PNW
1864,BEAVER_8,17,0.0,PNW
1865,BEAVER_8,18,0.0,PNW
1866,BEAVER_8,19,0.0,PNW
1867,BEAVER_8,20,0.0,PNW
1868,BEAVER_8,21,0.0,PNW
1869,BEAVER_8,22,0.0,PNW
1870,BEAVER_8,23,0.0,PNW
1871,BEAVER_8,24,0.0,PNW
1872,GRAYS_HARBOR_CT1,1,1.0,PNW
1873,GRAYS_HARBOR_CT1,2,1.0,PNW
1874,GRAYS_HARBOR_CT1,3,1.0,PNW
1875,GRAYS_HARBOR_CT1,4,1.0,PNW
1876,GRAYS_HARBOR_CT1,5,1.0,PNW
1877,GRAYS_HARBOR_CT1,6,1.0,PNW
1878,GRAYS_HARBOR_CT1,7,1.0,PNW
1879,GRAYS_HARBOR_CT1,8,1.0,PNW
1880,GRAYS_HARBOR_CT1,9,1.0,PNW
1881,GRAYS_HARBOR_CT1,10,1.0,PNW
1882,GRAYS_HARBOR_CT1,11,1.0,PNW
1883,GRAYS_HARBOR_CT1,12,1.0,PNW
1884,GRAYS_HARBOR_CT1,13,1.0,PNW
1885,GRAYS_HARBOR_CT1,14,1.0,PNW
1886,GRAYS_HARBOR_CT1,15,1.0,PNW
1887,GRAYS_HARBOR_CT1,16,1.0,PNW
1888,GRAYS_HARBOR_CT1,17,1.0,PNW
1889,GRAYS_HARBOR_CT1,18,1.0,PNW
1890,GRAYS_HARBOR_CT1,19,1.0,PNW
1891,GRAYS_HARBOR_CT1,20,1.0,PNW
1892,GRAYS_HARBOR_CT1,21,1.0,PNW
1893,GRAYS_HARBOR_CT1,22,1.0,PNW
1894,GRAYS_HARBOR_CT1,23,1.0,PNW
1895,GRAYS_HARBOR_CT1,24,1.0,PNW
1896,GRAYS_HARBOR_ST1,1,1.0,PNW
1897,GRAYS_HARBOR_ST1,2,1.0,PNW
1898,GRAYS_HARBOR_ST1,3,1.0,PNW
1899,GRAYS_HARBOR_ST1,4,1.0,PNW
1900,GRAYS_HARBOR_ST1,5,1.0,PNW
1901,GRAYS_HARBOR_ST1,6,1.0,PNW
1902,GRAYS_HARBOR_ST1,7,1.0,PNW
1903,GRAYS_HARBOR_ST1,8,1.0,PNW
1904,GRAYS_HARBOR_ST1,9,1.0,PNW
1905,GRAYS_HARBOR_ST1,10,1.0,PNW
1906,GRAYS_HARBOR_ST1,11,1.0,PNW
1907,GRAYS_HARBOR_ST1,12,1.0,PNW
1908,GRAYS_HARBOR_ST1,13,1.0,PNW
1909,GRAYS_HARBOR_ST1,14,1.0,PNW
1910,GRAYS_HARBOR_ST1,15,1.0,PNW
1911,GRAYS_HARBOR_ST1,16,1.0,PNW
1912,GRAYS_HARBOR_ST1,17,1.0,PNW
1913,GRAYS_HARBOR_ST1,18,1.0,PNW
1914,GRAYS_HARBOR_ST1,19,1.0,PNW
1915,GRAYS_HARBOR_ST1,20,1.0,PNW
1916,GRAYS_HARBOR_ST1,21,1.0,PNW
1917,GRAYS_HARBOR_ST1,22,1.0,PNW
1918,GRAYS_HARBOR_ST1,23,1.0,PNW
1919,GRAYS_HARBOR_ST1,24,1.0,PNW
1920,UNIV_OF_WA_DG3,1,0.0,PNW
1921,UNIV_OF_WA_DG3,2,0.0,PNW
1922,UNIV_OF_WA_DG3,3,0.0,PNW
1923,UNIV_OF_WA_DG3,4,0.0,PNW
1924,UNIV_OF_WA_DG3,5,0.0,PNW
1925,UNIV_OF_WA_DG3,6,0.0,PNW
1926,UNIV_OF_WA_DG3,7,0.0,PNW
1927,UNIV_OF_WA_DG3,8,0.0,PNW
1928,UNIV_OF_WA_DG3,9,0.0,PNW
1929,UNIV_OF_WA_DG3,10,0.0,PNW
1930,UNIV_OF_WA_DG3,11,0.0,PNW
1931,UNIV_OF_WA_DG3,12,0.0,PNW
1932,UNIV_OF_WA_DG3,13,0.0,PNW
1933,UNIV_OF_WA_DG3,14,0.0,PNW
1934,UNIV_OF_WA_DG3,15,0.0,PNW
1935,UNIV_OF_WA_DG3,16,0.0,PNW
1936,UNIV_OF_WA_DG3,17,0.0,PNW
1937,UNIV_OF_WA_DG3,18,0.0,PNW
1938,UNIV_OF_WA_DG3,19,0.0,PNW
1939,UNIV_OF_WA_DG3,20,0.0,PNW
1940,UNIV_OF_WA_DG3,21,0.0,PNW
1941,UNIV_OF_WA_DG3,22,0.0,PNW
1942,UNIV_OF_WA_DG3,23,0.0,PNW
1943,UNIV_OF_WA_DG3,24,0.0,PNW
1944,BOULDER_PARK_1,1,0.0,PNW
1945,BOULDER_PARK_1,2,0.0,PNW
1946,BOULDER_PARK_1,3,0.0,PNW
1947,BOULDER_PARK_1,4,0.0,PNW
1948,BOULDER_PARK_1,5,0.0,PNW
1949,BOULDER_PARK_1,6,0.0,PNW
1950,BOULDER_PARK_1,7,0.0,PNW
1951,BOULDER_PARK_1,8,0.0,PNW
1952,BOULDER_PARK_1,9,0.0,PNW
1953,BOULDER_PARK_1,10,0.0,PNW
1954,BOULDER_PARK_1,11,0.0,PNW
1955,BOULDER_PARK_1,12,0.0,PNW
1956,BOULDER_PARK_1,13,0.0,PNW
1957,BOULDER_PARK_1,14,0.0,PNW
1958,BOULDER_PARK_1,15,0.0,PNW
1959,BOULDER_PARK_1,16,0.0,PNW
1960,BOULDER_PARK_1,17,0.0,PNW
1961,BOULDER_PARK_1,18,0.0,PNW
1962,BOULDER_PARK_1,19,0.0,PNW
1963,BOULDER_PARK_1,20,0.0,PNW
1964,BOULDER_PARK_1,21,0.0,PNW
1965,BOULDER_PARK_1,22,0.0,PNW
1966,BOULDER_PARK_1,23,0.0,PNW
1967,BOULDER_PARK_1,24,0.0,PNW
1968,UNIV_OF_WA_DG6,1,0.0,PNW
1969,UNIV_OF_WA_DG6,2,0.0,PNW
1970,UNIV_OF_WA_DG6,3,0.0,PNW
1971,UNIV_OF_WA_DG6,4,0.0,PNW
1972,UNIV_OF_WA_DG6,5,0.0,PNW
1973,UNIV_OF_WA_DG6,6,0.0,PNW
1974,UNIV_OF_WA_DG6,7,0.0,PNW
1975,UNIV_OF_WA_DG6,8,0.0,PNW
1976,UNIV_OF_WA_DG6,9,0.0,PNW
1977,UNIV_OF_WA_DG6,10,0.0,PNW
1978,UNIV_OF_WA_DG6,11,0.0,PNW
1979,UNIV_OF_WA_DG6,12,0.0,PNW
1980,UNIV_OF_WA_DG6,13,0.0,PNW
1981,UNIV_OF_WA_DG6,14,0.0,PNW
1982,UNIV_OF_WA_DG6,15,0.0,PNW
1983,UNIV_OF_WA_DG6,16,0.0,PNW
1984,UNIV_OF_WA_DG6,17,0.0,PNW
1985,UNIV_OF_WA_DG6,18,0.0,PNW
1986,UNIV_OF_WA_DG6,19,0.0,PNW
1987,UNIV_OF_WA_DG6,20,0.0,PNW
1988,UNIV_OF_WA_DG6,21,0.0,PNW
1989,UNIV_OF_WA_DG6,22,0.0,PNW
1990,UNIV_OF_WA_DG6,23,0.0,PNW
1991,UNIV_OF_WA_DG6,24,0.0,PNW
1992,RATHDRUM_1,1,0.0,PNW
1993,RATHDRUM_1,2,0.0,PNW
1994,RATHDRUM_1,3,0.0,PNW
1995,RATHDRUM_1,4,0.0,PNW
1996,RATHDRUM_1,5,0.0,PNW
1997,RATHDRUM_1,6,0.0,PNW
1998,RATHDRUM_1,7,0.0,PNW
1999,RATHDRUM_1,8,0.0,PNW
2000,RATHDRUM_1,9,0.0,PNW
2001,RATHDRUM_1,10,0.0,PNW
2002,RATHDRUM_1,11,0.0,PNW
2003,RATHDRUM_1,12,0.0,PNW
2004,RATHDRUM_1,13,0.0,PNW
2005,RATHDRUM_1,14,0.0,PNW
2006,RATHDRUM_1,15,0.0,PNW
2007,RATHDRUM_1,16,0.0,PNW
2008,RATHDRUM_1,17,0.0,PNW
2009,RATHDRUM_1,18,0.0,PNW
2010,RATHDRUM_1,19,0.0,PNW
2011,RATHDRUM_1,20,0.0,PNW
2012,RATHDRUM_1,21,0.0,PNW
2013,RATHDRUM_1,22,0.0,PNW
2014,RATHDRUM_1,23,0.0,PNW
2015,RATHDRUM_1,24,0.0,PNW
2016,COYOTE_SPRINGS_1_GEN_1,1,0.0,PNW
2017,COYOTE_SPRINGS_1_GEN_1,2,0.0,PNW
2018,COYOTE_SPRINGS_1_GEN_1,3,0.0,PNW
2019,COYOTE_SPRINGS_1_GEN_1,4,0.0,PNW
2020,COYOTE_SPRINGS_1_GEN_1,5,0.0,PNW
2021,COYOTE_SPRINGS_1_GEN_1,6,0.0,PNW
2022,COYOTE_SPRINGS_1_GEN_1,7,0.0,PNW
2023,COYOTE_SPRINGS_1_GEN_1,8,0.0,PNW
2024,COYOTE_SPRINGS_1_GEN_1,9,0.0,PNW
2025,COYOTE_SPRINGS_1_GEN_1,10,0.0,PNW
2026,COYOTE_SPRINGS_1_GEN_1,11,0.0,PNW
2027,COYOTE_SPRINGS_1_GEN_1,12,0.0,PNW
2028,COYOTE_SPRINGS_1_GEN_1,13,0.0,PNW
2029,COYOTE_SPRINGS_1_GEN_1,14,0.0,PNW
2030,COYOTE_SPRINGS_1_GEN_1,15,0.0,PNW
2031,COYOTE_SPRINGS_1_GEN_1,16,0.0,PNW
2032,COYOTE_SPRINGS_1_GEN_1,17,0.0,PNW
2033,COYOTE_SPRINGS_1_GEN_1,18,0.0,PNW
2034,COYOTE_SPRINGS_1_GEN_1,19,0.0,PNW
2035,COYOTE_SPRINGS_1_GEN_1,20,0.0,PNW
2036,COYOTE_SPRINGS_1_GEN_1,21,0.0,PNW
2037,COYOTE_SPRINGS_1_GEN_1,22,0.0,PNW
2038,COYOTE_SPRINGS_1_GEN_1,23,0.0,PNW
2039,COYOTE_SPRINGS_1_GEN_1,24,0.0,PNW
2040,WHITEHORN_3,1,0.0,PNW
2041,WHITEHORN_3,2,0.0,PNW
2042,WHITEHORN_3,3,0.0,PNW
2043,WHITEHORN_3,4,0.0,PNW
2044,WHITEHORN_3,5,0.0,PNW
2045,WHITEHORN_3,6,0.0,PNW
2046,WHITEHORN_3,7,0.0,PNW
2047,WHITEHORN_3,8,0.0,PNW
2048,WHITEHORN_3,9,0.0,PNW
2049,WHITEHORN_3,10,0.0,PNW
2050,WHITEHORN_3,11,0.0,PNW
2051,WHITEHORN_3,12,0.0,PNW
2052,WHITEHORN_3,13,0.0,PNW
2053,WHITEHORN_3,14,0.0,PNW
2054,WHITEHORN_3,15,0.0,PNW
2055,WHITEHORN_3,16,0.0,PNW
2056,WHITEHORN_3,17,0.0,PNW
2057,WHITEHORN_3,18,0.0,PNW
2058,WHITEHORN_3,19,0.0,PNW
2059,WHITEHORN_3,20,0.0,PNW
2060,WHITEHORN_3,21,0.0,PNW
2061,WHITEHORN_3,22,0.0,PNW
2062,WHITEHORN_3,23,0.0,PNW
2063,WHITEHORN_3,24,0.0,PNW
2064,BEAVER_5,1,0.0,PNW
2065,BEAVER_5,2,0.0,PNW
2066,BEAVER_5,3,0.0,PNW
2067,BEAVER_5,4,0.0,PNW
2068,BEAVER_5,5,0.0,PNW
2069,BEAVER_5,6,0.0,PNW
2070,BEAVER_5,7,0.0,PNW
2071,BEAVER_5,8,0.0,PNW
2072,BEAVER_5,9,0.0,PNW
2073,BEAVER_5,10,0.0,PNW
2074,BEAVER_5,11,0.0,PNW
2075,BEAVER_5,12,0.0,PNW
2076,BEAVER_5,13,0.0,PNW
2077,BEAVER_5,14,0.0,PNW
2078,BEAVER_5,15,0.0,PNW
2079,BEAVER_5,16,0.0,PNW
2080,BEAVER_5,17,0.0,PNW
2081,BEAVER_5,18,0.0,PNW
2082,BEAVER_5,19,0.0,PNW
2083,BEAVER_5,20,0.0,PNW
2084,BEAVER_5,21,0.0,PNW
2085,BEAVER_5,22,0.0,PNW
2086,BEAVER_5,23,0.0,PNW
2087,BEAVER_5,24,0.0,PNW
2088,HERMISTON_3,1,1.0,PNW
2089,HERMISTON_3,2,1.0,PNW
2090,HERMISTON_3,3,1.0,PNW
2091,HERMISTON_3,4,1.0,PNW
2092,HERMISTON_3,5,1.0,PNW
2093,HERMISTON_3,6,1.0,PNW
2094,HERMISTON_3,7,1.0,PNW
2095,HERMISTON_3,8,1.0,PNW
2096,HERMISTON_3,9,1.0,PNW
2097,HERMISTON_3,10,1.0,PNW
2098,HERMISTON_3,11,1.0,PNW
2099,HERMISTON_3,12,1.0,PNW
2100,HERMISTON_3,13,1.0,PNW
2101,HERMISTON_3,14,1.0,PNW
2102,HERMISTON_3,15,1.0,PNW
2103,HERMISTON_3,16,1.0,PNW
2104,HERMISTON_3,17,1.0,PNW
2105,HERMISTON_3,18,1.0,PNW
2106,HERMISTON_3,19,1.0,PNW
2107,HERMISTON_3,20,1.0,PNW
2108,HERMISTON_3,21,1.0,PNW
2109,HERMISTON_3,22,1.0,PNW
2110,HERMISTON_3,23,1.0,PNW
2111,HERMISTON_3,24,1.0,PNW
2112,CHEHALIS_CT1,1,1.0,PNW
2113,CHEHALIS_CT1,2,1.0,PNW
2114,CHEHALIS_CT1,3,1.0,PNW
2115,CHEHALIS_CT1,4,0.0,PNW
2116,CHEHALIS_CT1,5,0.0,PNW
2117,CHEHALIS_CT1,6,0.0,PNW
2118,CHEHALIS_CT1,7,0.0,PNW
2119,CHEHALIS_CT1,8,0.0,PNW
2120,CHEHALIS_CT1,9,0.0,PNW
2121,CHEHALIS_CT1,10,0.0,PNW
2122,CHEHALIS_CT1,11,0.0,PNW
2123,CHEHALIS_CT1,12,0.0,PNW
2124,CHEHALIS_CT1,13,0.0,PNW
2125,CHEHALIS_CT1,14,0.0,PNW
2126,CHEHALIS_CT1,15,0.0,PNW
2127,CHEHALIS_CT1,16,0.0,PNW
2128,CHEHALIS_CT1,17,0.0,PNW
2129,CHEHALIS_CT1,18,0.0,PNW
2130,CHEHALIS_CT1,19,0.0,PNW
2131,CHEHALIS_CT1,20,0.0,PNW
2132,CHEHALIS_CT1,21,0.0,PNW
2133,CHEHALIS_CT1,22,0.0,PNW
2134,CHEHALIS_CT1,23,0.0,PNW
2135,CHEHALIS_CT1,24,0.0,PNW
2136,UNIV_OF_WA_DG5,1,0.0,PNW
2137,UNIV_OF_WA_DG5,2,0.0,PNW
2138,UNIV_OF_WA_DG5,3,0.0,PNW
2139,UNIV_OF_WA_DG5,4,0.0,PNW
2140,UNIV_OF_WA_DG5,5,0.0,PNW
2141,UNIV_OF_WA_DG5,6,0.0,PNW
2142,UNIV_OF_WA_DG5,7,0.0,PNW
2143,UNIV_OF_WA_DG5,8,0.0,PNW
2144,UNIV_OF_WA_DG5,9,0.0,PNW
2145,UNIV_OF_WA_DG5,10,0.0,PNW
2146,UNIV_OF_WA_DG5,11,0.0,PNW
2147,UNIV_OF_WA_DG5,12,0.0,PNW
2148,UNIV_OF_WA_DG5,13,0.0,PNW
2149,UNIV_OF_WA_DG5,14,0.0,PNW
2150,UNIV_OF_WA_DG5,15,0.0,PNW
2151,UNIV_OF_WA_DG5,16,0.0,PNW
2152,UNIV_OF_WA_DG5,17,0.0,PNW
2153,UNIV_OF_WA_DG5,18,0.0,PNW
2154,UNIV_OF_WA_DG5,19,0.0,PNW
2155,UNIV_OF_WA_DG5,20,0.0,PNW
2156,UNIV_OF_WA_DG5,21,0.0,PNW
2157,UNIV_OF_WA_DG5,22,0.0,PNW
2158,UNIV_OF_WA_DG5,23,0.0,PNW
2159,UNIV_OF_WA_DG5,24,0.0,PNW
2160,BOULDER_PARK_4,1,0.0,PNW
2161,BOULDER_PARK_4,2,0.0,PNW
2162,BOULDER_PARK_4,3,0.0,PNW
2163,BOULDER_PARK_4,4,0.0,PNW
2164,BOULDER_PARK_4,5,0.0,PNW
2165,BOULDER_PARK_4,6,0.0,PNW
2166,BOULDER_PARK_4,7,0.0,PNW
2167,BOULDER_PARK_4,8,0.0,PNW
2168,BOULDER_PARK_4,9,0.0,PNW
2169,BOULDER_PARK_4,10,0.0,PNW
2170,BOULDER_PARK_4,11,0.0,PNW
2171,BOULDER_PARK_4,12,0.0,PNW
2172,BOULDER_PARK_4,13,0.0,PNW
2173,BOULDER_PARK_4,14,0.0,PNW
2174,BOULDER_PARK_4,15,0.0,PNW
2175,BOULDER_PARK_4,16,0.0,PNW
2176,BOULDER_PARK_4,17,0.0,PNW
2177,BOULDER_PARK_4,18,0.0,PNW
2178,BOULDER_PARK_4,19,0.0,PNW
2179,BOULDER_PARK_4,20,0.0,PNW
2180,BOULDER_PARK_4,21,0.0,PNW
2181,BOULDER_PARK_4,22,0.0,PNW
2182,BOULDER_PARK_4,23,0.0,PNW
2183,BOULDER_PARK_4,24,0.0,PNW
2184,BEAVER_6,1,0.0,PNW
2185,BEAVER_6,2,0.0,PNW
2186,BEAVER_6,3,0.0,PNW
2187,BEAVER_6,4,0.0,PNW
2188,BEAVER_6,5,0.0,PNW
2189,BEAVER_6,6,0.0,PNW
2190,BEAVER_6,7,0.0,PNW
2191,BEAVER_6,8,0.0,PNW
2192,BEAVER_6,9,0.0,PNW
2193,BEAVER_6,10,0.0,PNW
2194,BEAVER_6,11,0.0,PNW
2195,BEAVER_6,12,0.0,PNW
2196,BEAVER_6,13,0.0,PNW
2197,BEAVER_6,14,0.0,PNW
2198,BEAVER_6,15,0.0,PNW
2199,BEAVER_6,16,0.0,PNW
2200,BEAVER_6,17,0.0,PNW
2201,BEAVER_6,18,0.0,PNW
2202,BEAVER_6,19,0.0,PNW
2203,BEAVER_6,20,0.0,PNW
2204,BEAVER_6,21,0.0,PNW
2205,BEAVER_6,22,0.0,PNW
2206,BEAVER_6,23,0.0,PNW
2207,BEAVER_6,24,0.0,PNW
2208,MARCH_POINT_STG1,1,1.0,PNW
2209,MARCH_POINT_STG1,2,1.0,PNW
2210,MARCH_POINT_STG1,3,1.0,PNW
2211,MARCH_POINT_STG1,4,1.0,PNW
2212,MARCH_POINT_STG1,5,1.0,PNW
2213,MARCH_POINT_STG1,6,1.0,PNW
2214,MARCH_POINT_STG1,7,1.0,PNW
2215,MARCH_POINT_STG1,8,1.0,PNW
2216,MARCH_POINT_STG1,9,1.0,PNW
2217,MARCH_POINT_STG1,10,1.0,PNW
2218,MARCH_POINT_STG1,11,1.0,PNW
2219,MARCH_POINT_STG1,12,1.0,PNW
2220,MARCH_POINT_STG1,13,1.0,PNW
2221,MARCH_POINT_STG1,14,1.0,PNW
2222,MARCH_POINT_STG1,15,1.0,PNW
2223,MARCH_POINT_STG1,16,1.0,PNW
2224,MARCH_POINT_STG1,17,1.0,PNW
2225,MARCH_POINT_STG1,18,1.0,PNW
2226,MARCH_POINT_STG1,19,1.0,PNW
2227,MARCH_POINT_STG1,20,1.0,PNW
2228,MARCH_POINT_STG1,21,1.0,PNW
2229,MARCH_POINT_STG1,22,1.0,PNW
2230,MARCH_POINT_STG1,23,1.0,PNW
2231,MARCH_POINT_STG1,24,1.0,PNW
2232,BEAVER_2,1,0.0,PNW
2233,BEAVER_2,2,0.0,PNW
2234,BEAVER_2,3,0.0,PNW
2235,BEAVER_2,4,0.0,PNW
2236,BEAVER_2,5,0.0,PNW
2237,BEAVER_2,6,0.0,PNW
2238,BEAVER_2,7,0.0,PNW
2239,BEAVER_2,8,0.0,PNW
2240,BEAVER_2,9,0.0,PNW
2241,BEAVER_2,10,0.0,PNW
2242,BEAVER_2,11,0.0,PNW
2243,BEAVER_2,12,0.0,PNW
2244,BEAVER_2,13,0.0,PNW
2245,BEAVER_2,14,0.0,PNW
2246,BEAVER_2,15,0.0,PNW
2247,BEAVER_2,16,0.0,PNW
2248,BEAVER_2,17,0.0,PNW
2249,BEAVER_2,18,0.0,PNW
2250,BEAVER_2,19,0.0,PNW
2251,BEAVER_2,20,0.0,PNW
2252,BEAVER_2,21,0.0,PNW
2253,BEAVER_2,22,0.0,PNW
2254,BEAVER_2,23,0.0,PNW
2255,BEAVER_2,24,0.0,PNW
2256,GOLDENDALE_G2,1,1.0,PNW
2257,GOLDENDALE_G2,2,1.0,PNW
2258,GOLDENDALE_G2,3,1.0,PNW
2259,GOLDENDALE_G2,4,1.0,PNW
2260,GOLDENDALE_G2,5,1.0,PNW
2261,GOLDENDALE_G2,6,1.0,PNW
2262,GOLDENDALE_G2,7,1.0,PNW
2263,GOLDENDALE_G2,8,1.0,PNW
2264,GOLDENDALE_G2,9,1.0,PNW
2265,GOLDENDALE_G2,10,1.0,PNW
2266,GOLDENDALE_G2,11,1.0,PNW
2267,GOLDENDALE_G2,12,1.0,PNW
2268,GOLDENDALE_G2,13,1.0,PNW
2269,GOLDENDALE_G2,14,1.0,PNW
2270,GOLDENDALE_G2,15,1.0,PNW
2271,GOLDENDALE_G2,16,1.0,PNW
2272,GOLDENDALE_G2,17,1.0,PNW
2273,GOLDENDALE_G2,18,1.0,PNW
2274,GOLDENDALE_G2,19,1.0,PNW
2275,GOLDENDALE_G2,20,1.0,PNW
2276,GOLDENDALE_G2,21,1.0,PNW
2277,GOLDENDALE_G2,22,1.0,PNW
2278,GOLDENDALE_G2,23,1.0,PNW
2279,GOLDENDALE_G2,24,1.0,PNW
